run_id,container,samples,cpu_pct_mean,cpu_pct_max,mem_bytes_mean,mem_bytes_max,cpu_sustained_gt90_s,coverage_pct,max_gap_s,head_gap_s,tail_gap_s,coverage_sufficient
nominal-r01,egw-controller-1,600,36.698533,128.28,59583774.72,72318976,3.0,99.940511,1.0,0.357,0.75,true
nominal-r01,egw-ditto-gateway-1,600,65.5212,190.12,525869083.306667,547786752,3.0,99.940511,1.0,0.357,0.75,true
nominal-r01,egw-ditto-policies-1,600,19.9508,116.85,565908753.066667,570843136,1.0,99.940511,1.0,0.357,0.75,true
nominal-r01,egw-ditto-things-1,600,70.627517,177.62,593969124.693333,613109760,8.0,99.940511,1.0,0.357,0.75,true
nominal-r01,egw-mongodb-1,600,28.869833,160.83,270583002.453333,410439680,5.0,99.940511,1.0,0.357,0.75,true
nominal-r01,egw-mosquitto-1,600,5.158583,84.17,4478648.32,7307264,0.0,99.940511,1.0,0.357,0.75,true
nominal-r02,egw-controller-1,567,39.234215,130.97,59968633.001764,72994816,3.0,99.856934,1.0,0.811,0.062,true
nominal-r02,egw-ditto-gateway-1,567,61.469048,154.1,515596042.38448,548052992,7.0,99.856934,1.0,0.811,0.062,true
nominal-r02,egw-ditto-policies-1,567,19.42709,134.21,558883914.045855,570118144,1.0,99.856934,1.0,0.811,0.062,true
nominal-r02,egw-ditto-things-1,567,67.740582,166.29,609769432.268078,627269632,7.0,99.856934,1.0,0.811,0.062,true
nominal-r02,egw-mongodb-1,567,27.751517,156.97,268752393.932981,411099136,6.0,99.856934,1.0,0.811,0.062,true
nominal-r02,egw-mosquitto-1,567,4.56194,71.38,5862380.134039,8245248,0.0,99.856934,1.0,0.811,0.062,true
