condition_id,rate_msg_s,metric,n_runs,mean,stdev,ci95_lo,ci95_hi,median,p25,p75,min,max
nominal,11.2,delivery_rate,2,0.623363,0.083127,-0.123493,1.370219,0.623363,0.593973,0.652753,0.564583,0.682143
nominal,11.2,loss_rate,2,0.376637,0.083127,-0.370219,1.123493,0.376637,0.347247,0.406027,0.317857,0.435417
nominal,11.2,latency_ms_mean,2,216560.718726,53185.71733,-261286.292771,694407.730223,216560.718726,197756.728033,235364.709419,178952.737339,254168.700112
nominal,11.2,latency_ms_p50,2,221638.266133,60516.546184,-322072.568127,765349.100393,221638.266133,200242.436043,243034.096224,178846.605952,264429.926314
nominal,11.2,latency_ms_p95,2,284074.384744,52319.486115,-185989.973471,754138.742959,284074.384744,265576.653034,302572.116454,247078.921324,321069.848164
nominal,11.2,latency_ms_p99,2,286755.564359,50852.020854,-170124.35404,743635.482757,286755.564359,268776.659967,304734.46875,250797.755576,322713.373142
nominal,11.2,cpu_pct_max,2,178.205,16.850355,26.81301,329.59699,178.205,172.2475,184.1625,166.29,190.12
nominal,11.2,host_cpu_utilization_max,2,0.874988,0.041631,0.500955,1.24902,0.874988,0.860269,0.889706,0.84555,0.904425
nominal,11.2,queue_depth_max,2,3140.0,636.396103,-2577.7,8857.7,3140.0,2915.0,3365.0,2690.0,3590.0
nominal,11.2,mem_bytes_max,2,620189696.0,10012541.511934,530232029.184,710147362.816,620189696.0,616649728.0,623729664.0,613109760.0,627269632.0
controller_restart,11.2,delivery_rate,1,0.679613,,,,0.679613,0.679613,0.679613,0.679613,0.679613
controller_restart,11.2,loss_rate,1,0.320387,,,,0.320387,0.320387,0.320387,0.320387,0.320387
controller_restart,11.2,latency_ms_mean,1,138219.504842,,,,138219.504842,138219.504842,138219.504842,138219.504842,138219.504842
controller_restart,11.2,latency_ms_p50,1,128042.535456,,,,128042.535456,128042.535456,128042.535456,128042.535456,128042.535456
controller_restart,11.2,latency_ms_p95,1,250648.74948,,,,250648.74948,250648.74948,250648.74948,250648.74948,250648.74948
controller_restart,11.2,latency_ms_p99,1,252420.587825,,,,252420.587825,252420.587825,252420.587825,252420.587825,252420.587825
controller_restart,11.2,cpu_pct_max,1,252.82,,,,252.82,252.82,252.82,252.82,252.82
controller_restart,11.2,host_cpu_utilization_max,1,0.8892,,,,0.8892,0.8892,0.8892,0.8892,0.8892
controller_restart,11.2,queue_depth_max,1,2747.0,,,,2747.0,2747.0,2747.0,2747.0,2747.0
controller_restart,11.2,mem_bytes_max,1,615108608.0,,,,615108608.0,615108608.0,615108608.0,615108608.0,615108608.0
