condition_id,claims,criterion,expected_runs,n_runs,observed,passed
smoke_sequence,C14,runs_complete,10,0,"0/10 valid runs; identity mismatch vs campaign plan: missing smoke_sequence-r01, smoke_sequence-r02, smoke_sequence-r03, smoke_sequence-r04, smoke_sequence-r05, smoke_sequence-r06, smoke_sequence-r07, smoke_sequence-r08, smoke_sequence-r09, smoke_sequence-r10",false
smoke_sequence,C14,zero_lost,10,0,0 lost; INCOMPLETE: 0/10 valid runs; run identities do not match the campaign plan,false
nominal,C06 C07,runs_complete,10,2,"2/10 valid runs; identity mismatch vs campaign plan: missing nominal-r03, nominal-r04, nominal-r05, nominal-r06, nominal-r07, nominal-r08, nominal-r09, nominal-r10",false
load_sweep,C08 C09,runs_complete,40,0,"0/40 valid runs; rate 10 msg/s: identity mismatch vs campaign plan: missing load_sweep-010mps-r01, load_sweep-010mps-r02, load_sweep-010mps-r03, load_sweep-010mps-r04, load_sweep-010mps-r05, load_sweep-010mps-r06, load_sweep-010mps-r07, load_sweep-010mps-r08, load_sweep-010mps-r09, load_sweep-010mps-r10 | rate 50 msg/s: identity mismatch vs campaign plan: missing load_sweep-050mps-r01, load_sweep-050mps-r02, load_sweep-050mps-r03, load_sweep-050mps-r04, load_sweep-050mps-r05, load_sweep-050mps-r06, load_sweep-050mps-r07, load_sweep-050mps-r08, load_sweep-050mps-r09, load_sweep-050mps-r10 | rate 100 msg/s: identity mismatch vs campaign plan: missing load_sweep-100mps-r01, load_sweep-100mps-r02, load_sweep-100mps-r03, load_sweep-100mps-r04, load_sweep-100mps-r05, load_sweep-100mps-r06, load_sweep-100mps-r07, load_sweep-100mps-r08, load_sweep-100mps-r09, load_sweep-100mps-r10 | rate 250 msg/s: identity mismatch vs campaign plan: missing load_sweep-250mps-r01, load_sweep-250mps-r02, load_sweep-250mps-r03, load_sweep-250mps-r04, load_sweep-250mps-r05, load_sweep-250mps-r06, load_sweep-250mps-r07, load_sweep-250mps-r08, load_sweep-250mps-r09, load_sweep-250mps-r10",false
load_sweep,C08 C09,controller_metrics_reconciled,40,0,"0/0 run(s) with |accepted-counter delta - events accepted| <= max(1, 1%); INCOMPLETE: 0/40 valid runs; run identities do not match the campaign plan",false
invalid_payload,C11,runs_complete,3,0,"0/3 valid runs; identity mismatch vs campaign plan: missing invalid_payload-r01, invalid_payload-r02, invalid_payload-r03",false
invalid_payload,C11,all_intended_invalid_rejected,3,0,0/0 rejected; INCOMPLETE: 0/3 valid runs; run identities do not match the campaign plan,false
invalid_payload,C11,zero_intended_invalid_accepted,3,0,0 accepted; INCOMPLETE: 0/3 valid runs; run identities do not match the campaign plan,false
invalid_payload,C11,valid_delivery_rate_mean_informational,3,0,no data; 0/3 valid runs; run identities do not match the campaign plan,
dropout_reconnect,C10,runs_complete,3,0,"0/3 valid runs; identity mismatch vs campaign plan: missing dropout_reconnect-r01, dropout_reconnect-r02, dropout_reconnect-r03",false
dropout_reconnect,C10,zero_lost_within_window,3,0,0 lost (buffered redelivery counted when confirmed in-window); INCOMPLETE: 0/3 valid runs; run identities do not match the campaign plan,false
dropout_reconnect,C10,zero_double_accepted,3,0,0 double-accepted; INCOMPLETE: 0/3 valid runs; run identities do not match the campaign plan,false
dropout_reconnect,C10,dropout_disconnects_ge_1_every_run,3,0,0/0 run(s) with dropout_disconnects >= 1; INCOMPLETE: 0/3 valid runs; run identities do not match the campaign plan,false
dropout_reconnect,C10,buffered_dropout_ge_1_every_run,3,0,0/0 run(s) with buffered_dropout >= 1; INCOMPLETE: 0/3 valid runs; run identities do not match the campaign plan,false
dropout_reconnect,C10,controller_metrics_reconciled,3,0,"0/0 run(s) with |accepted-counter delta - events accepted| <= max(1, 1%); INCOMPLETE: 0/3 valid runs; run identities do not match the campaign plan",false
controller_restart,C12,runs_complete,3,0,"0/3 valid runs; identity mismatch vs campaign plan: missing controller_restart-r01, controller_restart-r02, controller_restart-r03",false
controller_restart,C12,restart_hook_executed_every_run,3,0,0/0 run(s) with executed restart hook (timestamps + exit 0); INCOMPLETE: 0/3 valid runs; run identities do not match the campaign plan,false
controller_restart,C12,delivery_across_restart_zero_lost,3,0,0 lost; INCOMPLETE: 0/3 valid runs; run identities do not match the campaign plan,false
controller_restart,C12,zero_double_accepted,3,0,0 double-accepted; INCOMPLETE: 0/3 valid runs; run identities do not match the campaign plan,false
controller_restart,C12,restart_downtime_evidence_every_run,3,0,"0/0 run(s) with controller downtime evidence (metrics gap > 5 s straddling the restart, or an accepted-counter reset across it); INCOMPLETE: 0/3 valid runs; run identities do not match the campaign plan",false
controller_restart,C12,restart_metrics_endpoint_recovery_within_bound,3,0,"0/0 run(s) with the controller /metrics endpoint answering again within 120 s of the restart finishing (endpoint availability only, NOT functional readiness; PENDING ADVISOR SIGN-OFF, protocol.py RESTART_RECOVERY_MAX_S); INCOMPLETE: 0/3 valid runs; run identities do not match the campaign plan",false
controller_restart,C12,restart_functional_recovery_within_bound,3,0,"0/0 run(s) with ingestion shown to resume within 120 s of the restart finishing (first accepted event in the controller clock domain, or the first post-restart accepted-counter growth; PENDING ADVISOR SIGN-OFF, protocol.py RESTART_RECOVERY_MAX_S); INCOMPLETE: 0/3 valid runs; run identities do not match the campaign plan",false
controller_restart,C12,restart_accepted_progress_after,3,0,0/0 run(s) with accepted-counter progress after the restart (unbounded in time; the bound is restart_functional_recovery_within_bound); INCOMPLETE: 0/3 valid runs; run identities do not match the campaign plan,false
soak,C13,runs_complete,1,0,0/1 valid runs; identity mismatch vs campaign plan: missing soak-r01,false
soak,C13,measured_window_ge_24h,1,0,0/0 run(s) with measured window >= 86400 s (observed: none); INCOMPLETE: 0/1 valid runs; run identities do not match the campaign plan,false
soak,C13,resources_coverage_and_cadence,1,0,"0/0 run(s) with coverage >= 99%, no sampling gap > 60 s, head gap <= 60 s and >= 2 valid distinct instants (observed: none); INCOMPLETE: 0/1 valid runs; run identities do not match the campaign plan",false
soak,C13,controller_metrics_coverage_and_cadence,1,0,"0/0 run(s) with coverage >= 99%, no sampling gap > 60 s, head gap <= 60 s and >= 2 valid distinct instants (observed: none); INCOMPLETE: 0/1 valid runs; run identities do not match the campaign plan",false
soak,C13,no_unrecovered_interruption,1,0,0/0 run(s) with no controller-metrics gap > 120 s and last sample within 120 s of the window end (observed: none); INCOMPLETE: 0/1 valid runs; run identities do not match the campaign plan,false
soak,C13,delivery_descriptive,1,0,"delivered 0/0 valid sent, 0 lost (descriptive, no CI, plan 7.3); 0/1 valid runs; run identities do not match the campaign plan",
soak,C13,controller_metrics_reconciled,1,0,"0/0 run(s) with |accepted-counter delta - events accepted| <= max(1, 1%); INCOMPLETE: 0/1 valid runs; run identities do not match the campaign plan",false
