ts_utc,accepted,rejected,duplicate,failed,dropped,queue_depth,received,in_progress,processing_errors,unacked,mqtt_connection,mqtt_subscribed,started_at,wall_utc,uptime_s,monotonic_ns
2026-09-28T21:10:23.092Z,0,0,0,0,0,0,0,0,0,0,1,true,2026-09-28T20:58:19.279Z,2026-09-28T21:10:23.830Z,752.093040896,998770895458
2026-09-28T21:10:24.055Z,0,0,0,0,0,0,0,0,0,0,1,true,2026-09-28T20:58:19.279Z,2026-09-28T21:10:24.804Z,753.0672513439999,999745160066
2026-09-28T21:10:25.049Z,0,0,0,0,0,0,0,0,0,0,1,true,2026-09-28T20:58:19.279Z,2026-09-28T21:10:25.799Z,754.0624469280001,1000740048082
2026-09-28T21:10:26.132Z,0,0,0,0,0,11,12,1,0,12,1,true,2026-09-28T20:58:19.279Z,2026-09-28T21:10:26.874Z,755.1371267679999,1001814975698
2026-09-28T21:10:27.057Z,0,0,0,0,0,22,23,1,0,23,1,true,2026-09-28T20:58:19.279Z,2026-09-28T21:10:27.810Z,756.0732705600001,1002751164610
2026-09-28T21:10:28.070Z,0,0,0,0,0,33,34,1,0,34,1,true,2026-09-28T20:58:19.279Z,2026-09-28T21:10:28.805Z,757.067997872,1003745889458
2026-09-28T21:10:29.067Z,0,0,0,0,0,44,45,1,0,45,1,true,2026-09-28T20:58:19.279Z,2026-09-28T21:10:29.814Z,758.0771105440001,1004755017154
2026-09-28T21:10:30.141Z,0,0,0,0,0,55,56,1,0,56,1,true,2026-09-28T20:58:19.279Z,2026-09-28T21:10:30.884Z,759.1469649600001,1005824832434
2026-09-28T21:10:31.118Z,0,0,0,0,0,67,68,1,0,68,1,true,2026-09-28T20:58:19.279Z,2026-09-28T21:10:31.864Z,760.12725632,1006805156466
2026-09-28T21:10:32.115Z,0,0,0,0,0,78,79,1,0,79,1,true,2026-09-28T20:58:19.279Z,2026-09-28T21:10:32.861Z,761.124359728,1007802267330
2026-09-28T21:10:33.105Z,0,0,0,0,0,89,90,1,0,90,1,true,2026-09-28T20:58:19.279Z,2026-09-28T21:10:32.508Z,762.119374896,1008797277570
2026-09-28T21:10:34.109Z,0,0,0,0,0,100,101,1,0,101,1,true,2026-09-28T20:58:19.279Z,2026-09-28T21:10:33.509Z,763.1197505120001,1009797645298
2026-09-28T21:10:35.113Z,0,0,0,0,0,111,112,1,0,112,1,true,2026-09-28T20:58:19.279Z,2026-09-28T21:10:34.518Z,764.1289700479999,1010806875970
2026-09-28T21:10:36.126Z,0,0,0,0,0,123,124,1,0,124,1,true,2026-09-28T20:58:19.279Z,2026-09-28T21:10:35.514Z,765.125551568,1011803437154
2026-09-28T21:10:37.104Z,0,0,0,0,0,134,135,1,0,135,1,true,2026-09-28T20:58:19.279Z,2026-09-28T21:10:36.505Z,766.116477952,1012794385170
2026-09-28T21:10:38.120Z,0,0,0,0,0,145,146,1,0,146,1,true,2026-09-28T20:58:19.279Z,2026-09-28T21:10:37.515Z,767.125883184,1013803785986
2026-09-28T21:10:39.133Z,0,0,0,0,0,156,157,1,0,157,1,true,2026-09-28T20:58:19.279Z,2026-09-28T21:10:38.522Z,768.1331710879999,1014811049922
2026-09-28T21:10:40.108Z,0,0,0,0,0,167,168,1,0,168,1,true,2026-09-28T20:58:19.279Z,2026-09-28T21:10:39.510Z,769.1207156959999,1015798594882
2026-09-28T21:10:41.111Z,1,0,0,0,0,178,180,1,0,179,1,true,2026-09-28T20:58:19.279Z,2026-09-28T21:10:40.513Z,770.124433552,1016802334834
2026-09-28T21:10:42.125Z,1,0,0,0,0,189,191,1,0,190,1,true,2026-09-28T20:58:19.279Z,2026-09-28T21:10:41.518Z,771.128764368,1017806673778
2026-09-28T21:10:43.106Z,2,0,0,0,0,199,202,1,0,200,1,true,2026-09-28T20:58:19.279Z,2026-09-28T21:10:42.510Z,772.1215775359999,1018799417346
2026-09-28T21:10:44.111Z,6,0,0,0,0,206,213,1,0,207,1,true,2026-09-28T20:58:19.279Z,2026-09-28T21:10:43.510Z,773.120673184,1019798571090
2026-09-28T21:10:45.106Z,9,0,0,0,0,214,224,1,0,215,1,true,2026-09-28T20:58:19.279Z,2026-09-28T21:10:44.509Z,774.1203564479999,1020798178274
2026-09-28T21:10:46.358Z,10,0,0,0,0,227,238,1,0,229,1,true,2026-09-28T20:58:19.279Z,2026-09-28T21:10:45.717Z,775.328532944,1022006407890
2026-09-28T21:10:47.111Z,11,0,0,0,0,235,247,1,0,236,1,true,2026-09-28T20:58:19.279Z,2026-09-28T21:10:46.509Z,776.12051176,1022797743778
2026-09-28T21:10:48.137Z,15,0,0,0,0,242,258,1,0,243,1,true,2026-09-28T20:58:19.279Z,2026-09-28T21:10:47.538Z,777.1489692959999,1023826845570
2026-09-28T21:10:49.147Z,20,0,0,0,0,248,269,1,0,249,1,true,2026-09-28T20:58:19.279Z,2026-09-28T21:10:48.541Z,778.1522644639999,1024830139602
2026-09-28T21:10:48.771Z,24,0,0,0,0,255,280,1,0,256,1,true,2026-09-28T20:58:19.279Z,2026-09-28T21:10:49.529Z,779.1402254879999,1025818096082
2026-09-28T21:10:49.758Z,28,0,0,0,0,263,292,1,0,264,1,true,2026-09-28T20:58:19.279Z,2026-09-28T21:10:50.517Z,780.127907696,1026805745986
2026-09-28T21:10:50.762Z,33,0,0,0,0,269,303,1,0,270,1,true,2026-09-28T20:58:19.279Z,2026-09-28T21:10:51.517Z,781.1283284159999,1027806136626
2026-09-28T21:10:51.757Z,38,0,0,0,0,275,314,1,0,276,1,true,2026-09-28T20:58:19.279Z,2026-09-28T21:10:52.514Z,782.124699424,1028802604690
2026-09-28T21:10:52.758Z,43,0,0,0,0,281,325,1,0,282,1,true,2026-09-28T20:58:19.279Z,2026-09-28T21:10:53.518Z,783.1292051359999,1029807080498
2026-09-28T21:10:53.792Z,46,0,0,0,0,289,336,1,0,290,1,true,2026-09-28T20:58:19.279Z,2026-09-28T21:10:54.543Z,784.1547103359999,1030832036882
2026-09-28T21:10:54.767Z,51,0,0,0,0,296,348,1,0,297,1,true,2026-09-28T20:58:19.279Z,2026-09-28T21:10:55.520Z,785.1311345279998,1031809036418
2026-09-28T21:10:55.762Z,56,0,0,0,0,302,359,1,0,303,1,true,2026-09-28T20:58:19.279Z,2026-09-28T21:10:56.521Z,786.1324757759999,1032810384210
2026-09-28T21:10:56.758Z,60,0,0,0,0,309,370,1,0,310,1,true,2026-09-28T20:58:19.279Z,2026-09-28T21:10:57.517Z,787.12852432,1033806427954
2026-09-28T21:10:57.758Z,65,0,0,0,0,315,381,1,0,316,1,true,2026-09-28T20:58:19.279Z,2026-09-28T21:10:58.520Z,788.131483136,1034809384386
2026-09-28T21:10:58.761Z,71,0,0,0,0,320,392,1,0,321,1,true,2026-09-28T20:58:19.279Z,2026-09-28T21:10:59.518Z,789.1295055999999,1035807399650
2026-09-28T21:10:59.760Z,77,0,0,0,0,326,404,1,0,327,1,true,2026-09-28T20:58:19.279Z,2026-09-28T21:11:00.519Z,790.1296014719999,1036807510194
2026-09-28T21:11:00.778Z,83,0,0,0,0,331,415,1,0,332,1,true,2026-09-28T20:58:19.279Z,2026-09-28T21:11:01.533Z,791.143643952,1037821527874
2026-09-28T21:11:01.837Z,87,0,0,0,0,340,428,1,0,341,1,true,2026-09-28T20:58:19.279Z,2026-09-28T21:11:02.591Z,792.2015958079999,1038879510226
2026-09-28T21:11:02.802Z,90,0,0,0,0,348,439,1,0,349,1,true,2026-09-28T20:58:19.279Z,2026-09-28T21:11:03.556Z,793.167228624,1039845018466
2026-09-28T21:11:03.804Z,93,0,0,0,0,354,448,1,0,355,1,true,2026-09-28T20:58:19.279Z,2026-09-28T21:11:03.214Z,794.16378528,1040841562098
2026-09-28T21:11:04.825Z,95,0,0,0,0,366,462,1,0,367,1,true,2026-09-28T20:58:19.279Z,2026-09-28T21:11:04.230Z,795.179734288,1041857622226
2026-09-28T21:11:05.795Z,98,0,0,0,0,374,473,1,0,375,1,true,2026-09-28T20:58:19.279Z,2026-09-28T21:11:05.215Z,796.165165072,1042842805554
2026-09-28T21:11:06.788Z,100,0,0,0,0,381,482,1,0,382,1,true,2026-09-28T20:58:19.279Z,2026-09-28T21:11:06.204Z,797.1534716799999,1043831348434
2026-09-28T21:11:07.810Z,102,0,0,0,0,391,494,1,0,392,1,true,2026-09-28T20:58:19.279Z,2026-09-28T21:11:07.226Z,798.176225536,1044854107826
2026-09-28T21:11:09.168Z,106,0,0,0,0,403,510,1,0,404,1,true,2026-09-28T20:58:19.279Z,2026-09-28T21:11:08.550Z,799.50358944,1046178046418
2026-09-28T21:11:09.810Z,106,0,0,0,0,410,517,1,0,412,1,true,2026-09-28T20:58:19.279Z,2026-09-28T21:11:09.225Z,800.1753597439999,1046853188770
2026-09-28T21:11:10.818Z,108,0,0,0,0,420,529,1,0,421,1,true,2026-09-28T20:58:19.279Z,2026-09-28T21:11:10.235Z,801.1848598719998,1047862722882
2026-09-28T21:11:11.784Z,113,0,0,0,0,426,540,1,0,427,1,true,2026-09-28T20:58:19.279Z,2026-09-28T21:11:11.207Z,802.1572509279999,1048835156722
2026-09-28T21:11:12.793Z,118,0,0,0,0,431,550,1,0,432,1,true,2026-09-28T20:58:19.279Z,2026-09-28T21:11:12.215Z,803.1649369279999,1049842836258
2026-09-28T21:11:13.802Z,124,0,0,0,0,438,563,1,0,439,1,true,2026-09-28T20:58:19.279Z,2026-09-28T21:11:13.219Z,804.169365552,1050847227266
2026-09-28T21:11:14.795Z,129,0,0,0,0,444,574,1,0,445,1,true,2026-09-28T20:58:19.279Z,2026-09-28T21:11:14.214Z,805.1634687999999,1051841372882
2026-09-28T21:11:15.799Z,133,0,0,0,0,449,583,1,0,450,1,true,2026-09-28T20:58:19.279Z,2026-09-28T21:11:15.215Z,806.1649087999999,1052842812530
2026-09-28T21:11:16.797Z,137,0,0,0,0,458,596,1,0,459,1,true,2026-09-28T20:58:19.279Z,2026-09-28T21:11:16.218Z,807.167574976,1053845462370
2026-09-28T21:11:17.798Z,143,0,0,0,0,463,607,1,0,464,1,true,2026-09-28T20:58:19.279Z,2026-09-28T21:11:17.220Z,808.1695660319999,1054847456162
2026-09-28T21:11:18.793Z,150,0,0,0,0,467,618,1,0,468,1,true,2026-09-28T20:58:19.279Z,2026-09-28T21:11:18.215Z,809.164711936,1055842612514
2026-09-28T21:11:19.798Z,157,0,0,0,0,472,630,1,0,473,1,true,2026-09-28T20:58:19.279Z,2026-09-28T21:11:19.218Z,810.168390368,1056846298034
2026-09-28T21:11:19.462Z,163,0,0,0,0,477,641,1,0,478,1,true,2026-09-28T20:58:19.279Z,2026-09-28T21:11:20.214Z,811.163725568,1057841631074
2026-09-28T21:11:20.460Z,169,0,0,0,0,481,651,1,0,482,1,true,2026-09-28T20:58:19.279Z,2026-09-28T21:11:21.213Z,812.163170128,1058841056418
2026-09-28T21:11:21.462Z,175,0,0,0,0,487,663,1,0,488,1,true,2026-09-28T20:58:19.279Z,2026-09-28T21:11:22.215Z,813.164443936,1059842338658
2026-09-28T21:11:22.462Z,182,0,0,0,0,492,675,1,0,493,1,true,2026-09-28T20:58:19.279Z,2026-09-28T21:11:23.219Z,814.1685141599999,1060846395538
2026-09-28T21:11:23.485Z,186,0,0,0,0,499,686,1,0,500,1,true,2026-09-28T20:58:19.279Z,2026-09-28T21:11:24.235Z,815.1850278719999,1061862913490
2026-09-28T21:11:24.500Z,191,0,0,0,0,505,697,1,0,506,1,true,2026-09-28T20:58:19.279Z,2026-09-28T21:11:25.253Z,816.203363824,1062881258370
2026-09-28T21:11:25.469Z,196,0,0,0,0,510,707,1,0,511,1,true,2026-09-28T20:58:19.279Z,2026-09-28T21:11:26.219Z,817.1685292,1063846408322
2026-09-28T21:11:26.464Z,203,0,0,0,0,515,719,1,0,516,1,true,2026-09-28T20:58:19.279Z,2026-09-28T21:11:27.217Z,818.16686256,1064844750418
2026-09-28T21:11:27.467Z,209,0,0,0,0,521,731,1,0,522,1,true,2026-09-28T20:58:19.279Z,2026-09-28T21:11:28.217Z,819.166778992,1065844688018
2026-09-28T21:11:28.466Z,216,0,0,0,0,525,742,1,0,526,1,true,2026-09-28T20:58:19.279Z,2026-09-28T21:11:29.219Z,820.169039072,1066846893890
2026-09-28T21:11:29.476Z,222,0,0,0,0,530,753,1,0,531,1,true,2026-09-28T20:58:19.279Z,2026-09-28T21:11:30.223Z,821.173012384,1067850915490
2026-09-28T21:11:30.478Z,228,0,0,0,0,535,764,1,0,536,1,true,2026-09-28T20:58:19.279Z,2026-09-28T21:11:31.228Z,822.1774562559999,1068855351266
2026-09-28T21:11:31.462Z,234,0,0,0,0,540,775,1,0,541,1,true,2026-09-28T20:58:19.279Z,2026-09-28T21:11:32.218Z,823.16833112,1069846236274
2026-09-28T21:11:32.464Z,240,0,0,0,0,544,785,1,0,545,1,true,2026-09-28T20:58:19.279Z,2026-09-28T21:11:33.219Z,824.169139744,1070847034770
2026-09-28T21:11:33.465Z,246,0,0,0,0,551,798,1,0,552,1,true,2026-09-28T20:58:19.279Z,2026-09-28T21:11:34.219Z,825.168692688,1071846595682
2026-09-28T21:11:34.477Z,251,0,0,0,0,556,808,1,0,557,1,true,2026-09-28T20:58:19.279Z,2026-09-28T21:11:33.840Z,826.179664368,1072857571394
2026-09-28T21:11:35.471Z,254,0,0,0,0,565,820,1,0,566,1,true,2026-09-28T20:58:19.279Z,2026-09-28T21:11:34.834Z,827.1732452159999,1073851135026
2026-09-28T21:11:36.490Z,258,0,0,0,0,572,831,1,0,573,1,true,2026-09-28T20:58:19.279Z,2026-09-28T21:11:35.838Z,828.177543344,1074855444034
2026-09-28T21:11:37.493Z,261,0,0,0,0,581,843,1,0,582,1,true,2026-09-28T20:58:19.279Z,2026-09-28T21:11:36.853Z,829.1922859199999,1075870187458
2026-09-28T21:11:38.597Z,262,0,0,0,0,591,854,1,0,592,1,true,2026-09-28T20:58:19.279Z,2026-09-28T21:11:37.918Z,830.257951568,1076934673026
2026-09-28T21:11:39.494Z,263,0,0,0,0,601,865,1,0,602,1,true,2026-09-28T20:58:19.279Z,2026-09-28T21:11:38.853Z,831.192582512,1077870482786
2026-09-28T21:11:40.480Z,266,0,0,0,0,609,876,1,0,610,1,true,2026-09-28T20:58:19.279Z,2026-09-28T21:11:39.848Z,832.186926224,1078864841682
2026-09-28T21:11:41.483Z,270,0,0,0,0,616,887,1,0,617,1,true,2026-09-28T20:58:19.279Z,2026-09-28T21:11:40.847Z,833.1864426879999,1079864042626
2026-09-28T21:11:42.495Z,276,0,0,0,0,621,898,1,0,622,1,true,2026-09-28T20:58:19.279Z,2026-09-28T21:11:41.853Z,834.1921952159998,1080870106130
2026-09-28T21:11:43.490Z,280,0,0,0,0,629,910,1,0,630,1,true,2026-09-28T20:58:19.279Z,2026-09-28T21:11:42.854Z,835.1935056479999,1081871374626
2026-09-28T21:11:44.489Z,285,0,0,0,0,635,921,1,0,636,1,true,2026-09-28T20:58:19.279Z,2026-09-28T21:11:43.853Z,836.192768832,1082870678866
2026-09-28T21:11:45.503Z,290,0,0,0,0,641,932,1,0,642,1,true,2026-09-28T20:58:19.279Z,2026-09-28T21:11:44.870Z,837.2091175839998,1083886999410
2026-09-28T21:11:46.494Z,293,0,0,0,0,649,943,1,0,650,1,true,2026-09-28T20:58:19.279Z,2026-09-28T21:11:45.860Z,838.19900024,1084876907970
2026-09-28T21:11:47.488Z,299,0,0,0,0,655,955,1,0,656,1,true,2026-09-28T20:58:19.279Z,2026-09-28T21:11:46.852Z,839.191866832,1085869787042
2026-09-28T21:11:48.505Z,305,0,0,0,0,660,966,1,0,661,1,true,2026-09-28T20:58:19.279Z,2026-09-28T21:11:47.869Z,840.208071792,1086885964210
2026-09-28T21:11:49.486Z,311,0,0,0,0,665,977,1,0,666,1,true,2026-09-28T20:58:19.279Z,2026-09-28T21:11:48.853Z,841.1924508,1087870328258
2026-09-28T21:11:50.489Z,318,0,0,0,0,669,988,1,0,670,1,true,2026-09-28T20:58:19.279Z,2026-09-28T21:11:49.853Z,842.1926624,1088870549970
2026-09-28T21:11:51.491Z,324,0,0,0,0,673,998,1,0,674,1,true,2026-09-28T20:58:19.279Z,2026-09-28T21:11:50.852Z,843.191996,1089869819474
2026-09-28T21:11:51.080Z,331,0,0,0,0,679,1011,1,0,680,1,true,2026-09-28T20:58:19.279Z,2026-09-28T21:11:51.853Z,844.1924410879999,1090870358754
2026-09-28T21:11:52.092Z,338,0,0,0,0,683,1022,1,0,684,1,true,2026-09-28T20:58:19.279Z,2026-09-28T21:11:52.861Z,845.200013808,1091877874082
2026-09-28T21:11:53.089Z,343,0,0,0,0,689,1033,1,0,690,1,true,2026-09-28T20:58:19.279Z,2026-09-28T21:11:53.860Z,846.1993260479999,1092877217074
2026-09-28T21:11:54.101Z,345,0,0,0,0,698,1044,1,0,699,1,true,2026-09-28T20:58:19.279Z,2026-09-28T21:11:54.862Z,847.201184384,1093879073890
2026-09-28T21:11:55.086Z,350,0,0,0,0,704,1055,1,0,705,1,true,2026-09-28T20:58:19.279Z,2026-09-28T21:11:55.860Z,848.199808352,1094877722210
2026-09-28T21:11:56.086Z,357,0,0,0,0,709,1067,1,0,710,1,true,2026-09-28T20:58:19.279Z,2026-09-28T21:11:56.858Z,849.197459344,1095875375154
2026-09-28T21:11:57.094Z,364,0,0,0,0,713,1078,1,0,714,1,true,2026-09-28T20:58:19.279Z,2026-09-28T21:11:57.862Z,850.201908256,1096879822562
2026-09-28T21:11:58.090Z,371,0,0,0,0,717,1089,1,0,718,1,true,2026-09-28T20:58:19.279Z,2026-09-28T21:11:58.862Z,851.2016439679999,1097879557714
2026-09-28T21:11:59.088Z,377,0,0,0,0,722,1100,1,0,723,1,true,2026-09-28T20:58:19.279Z,2026-09-28T21:11:59.861Z,852.2002631359999,1098878168498
2026-09-28T21:12:00.087Z,384,0,0,0,0,726,1111,1,0,727,1,true,2026-09-28T20:58:19.279Z,2026-09-28T21:12:00.859Z,853.198776256,1099876682306
2026-09-28T21:12:01.090Z,391,0,0,0,0,731,1123,1,0,732,1,true,2026-09-28T20:58:19.279Z,2026-09-28T21:12:01.863Z,854.2029490559999,1100880774770
2026-09-28T21:12:02.103Z,399,0,0,0,0,734,1134,1,0,735,1,true,2026-09-28T20:58:19.279Z,2026-09-28T21:12:02.877Z,855.216958896,1101894733730
2026-09-28T21:12:03.102Z,405,0,0,0,0,739,1145,1,0,740,1,true,2026-09-28T20:58:19.279Z,2026-09-28T21:12:03.875Z,856.214246688,1102892155842
2026-09-28T21:12:04.130Z,413,0,0,0,0,742,1156,1,0,743,1,true,2026-09-28T20:58:19.279Z,2026-09-28T21:12:04.902Z,857.2409376799999,1103918860162
2026-09-28T21:12:05.118Z,420,0,0,0,0,746,1167,1,0,747,1,true,2026-09-28T20:58:19.279Z,2026-09-28T21:12:04.444Z,858.2274894560001,1104905402450
2026-09-28T21:12:06.124Z,427,0,0,0,0,751,1179,1,0,752,1,true,2026-09-28T20:58:19.279Z,2026-09-28T21:12:05.452Z,859.235456656,1105913351762
2026-09-28T21:12:07.252Z,428,0,0,0,0,762,1191,1,0,763,1,true,2026-09-28T20:58:19.279Z,2026-09-28T21:12:06.545Z,860.329728896,1107006935314
2026-09-28T21:12:08.137Z,428,0,0,0,0,772,1201,1,0,773,1,true,2026-09-28T20:58:19.279Z,2026-09-28T21:12:07.462Z,861.2456268799999,1107923508962
2026-09-28T21:12:09.157Z,429,0,0,0,0,783,1213,1,0,784,1,true,2026-09-28T20:58:19.279Z,2026-09-28T21:12:08.481Z,862.2643250239998,1108942210738
2026-09-28T21:12:10.144Z,434,0,0,0,0,788,1223,1,0,789,1,true,2026-09-28T20:58:19.279Z,2026-09-28T21:12:09.463Z,863.246686384,1109924559570
2026-09-28T21:12:11.134Z,440,0,0,0,0,794,1235,1,0,795,1,true,2026-09-28T20:58:19.279Z,2026-09-28T21:12:10.457Z,864.2408927039999,1110918792802
2026-09-28T21:12:12.141Z,446,0,0,0,0,800,1247,1,0,801,1,true,2026-09-28T20:58:19.279Z,2026-09-28T21:12:11.472Z,865.2557232639999,1111933582562
2026-09-28T21:12:13.138Z,452,0,0,0,0,804,1257,1,0,805,1,true,2026-09-28T20:58:19.279Z,2026-09-28T21:12:12.464Z,866.2479836,1112925773650
2026-09-28T21:12:14.132Z,460,0,0,0,0,807,1268,1,0,808,1,true,2026-09-28T20:58:19.279Z,2026-09-28T21:12:13.459Z,867.2427492639999,1113920658674
2026-09-28T21:12:15.153Z,465,0,0,0,0,813,1279,1,0,814,1,true,2026-09-28T20:58:19.279Z,2026-09-28T21:12:14.469Z,868.2527336,1114930639586
2026-09-28T21:12:16.134Z,468,0,0,0,0,822,1291,1,0,823,1,true,2026-09-28T20:58:19.279Z,2026-09-28T21:12:15.463Z,869.2470438399998,1115924949954
2026-09-28T21:12:17.157Z,474,0,0,0,0,828,1303,1,0,829,1,true,2026-09-28T20:58:19.279Z,2026-09-28T21:12:16.485Z,870.2688866239998,1116946774002
2026-09-28T21:12:18.155Z,479,0,0,0,0,834,1314,1,0,835,1,true,2026-09-28T20:58:19.279Z,2026-09-28T21:12:17.477Z,871.261210464,1117939068274
2026-09-28T21:12:19.153Z,485,0,0,0,0,839,1325,1,0,840,1,true,2026-09-28T20:58:19.279Z,2026-09-28T21:12:18.479Z,872.2630937279998,1118941010194
2026-09-28T21:12:20.153Z,491,0,0,0,0,844,1336,1,0,845,1,true,2026-09-28T20:58:19.279Z,2026-09-28T21:12:19.482Z,873.265738688,1119943656786
2026-09-28T21:12:21.187Z,496,0,0,0,0,851,1348,1,0,852,1,true,2026-09-28T20:58:19.279Z,2026-09-28T21:12:20.512Z,874.2954780319999,1120973374450
2026-09-28T21:12:22.159Z,503,0,0,0,0,855,1359,1,0,856,1,true,2026-09-28T20:58:19.279Z,2026-09-28T21:12:21.489Z,875.272387168,1121950286802
2026-09-28T21:12:21.762Z,510,0,0,0,0,859,1370,1,0,860,1,true,2026-09-28T20:58:19.279Z,2026-09-28T21:12:22.478Z,876.26144264,1122939355314
2026-09-28T21:12:22.776Z,517,0,0,0,0,863,1381,1,0,864,1,true,2026-09-28T20:58:19.279Z,2026-09-28T21:12:23.490Z,877.2732954399999,1123951212642
2026-09-28T21:12:23.767Z,522,0,0,0,0,869,1392,1,0,870,1,true,2026-09-28T20:58:19.279Z,2026-09-28T21:12:24.480Z,878.264012272,1124941886898
2026-09-28T21:12:24.773Z,529,0,0,0,0,874,1404,1,0,875,1,true,2026-09-28T20:58:19.279Z,2026-09-28T21:12:25.482Z,879.2657752319999,1125943680946
2026-09-28T21:12:25.762Z,537,0,0,0,0,877,1415,1,0,878,1,true,2026-09-28T20:58:19.279Z,2026-09-28T21:12:26.478Z,880.261332,1126939241506
2026-09-28T21:12:26.775Z,546,0,0,0,0,879,1426,1,0,880,1,true,2026-09-28T20:58:19.279Z,2026-09-28T21:12:27.487Z,881.2711331199998,1127949029218
2026-09-28T21:12:27.763Z,553,0,0,0,0,883,1437,1,0,884,1,true,2026-09-28T20:58:19.279Z,2026-09-28T21:12:28.478Z,882.261955248,1128939862754
2026-09-28T21:12:28.772Z,561,0,0,0,0,885,1447,1,0,886,1,true,2026-09-28T20:58:19.279Z,2026-09-28T21:12:29.484Z,883.2674074399999,1129945327314
2026-09-28T21:12:29.860Z,562,0,0,0,0,897,1460,1,0,898,1,true,2026-09-28T20:58:19.279Z,2026-09-28T21:12:30.561Z,884.344562016,1131022374530
2026-09-28T21:12:30.825Z,565,0,0,0,0,905,1471,1,0,906,1,true,2026-09-28T20:58:19.279Z,2026-09-28T21:12:31.537Z,885.3211041279999,1131999019922
2026-09-28T21:12:31.765Z,570,0,0,0,0,911,1482,1,0,912,1,true,2026-09-28T20:58:19.279Z,2026-09-28T21:12:32.479Z,886.2630545279999,1132940960434
2026-09-28T21:12:32.770Z,577,0,0,0,0,915,1493,1,0,916,1,true,2026-09-28T20:58:19.279Z,2026-09-28T21:12:33.483Z,887.26691968,1133944770690
2026-09-28T21:12:33.773Z,584,0,0,0,0,919,1504,1,0,920,1,true,2026-09-28T20:58:19.279Z,2026-09-28T21:12:34.489Z,888.273176896,1134951072418
2026-09-28T21:12:34.779Z,592,0,0,0,0,923,1516,1,0,924,1,true,2026-09-28T20:58:19.279Z,2026-09-28T21:12:35.493Z,889.276527488,1135954371618
2026-09-28T21:12:35.775Z,598,0,0,0,0,928,1527,1,0,929,1,true,2026-09-28T20:58:19.279Z,2026-09-28T21:12:35.176Z,890.2687800639999,1136946683554
2026-09-28T21:12:36.776Z,602,0,0,0,0,935,1538,1,0,936,1,true,2026-09-28T20:58:19.279Z,2026-09-28T21:12:36.177Z,891.269811504,1137947680322
2026-09-28T21:12:37.790Z,607,0,0,0,0,941,1549,1,0,942,1,true,2026-09-28T20:58:19.279Z,2026-09-28T21:12:37.185Z,892.27689592,1138954806306
2026-09-28T21:12:38.772Z,611,0,0,0,0,948,1560,1,0,949,1,true,2026-09-28T20:58:19.279Z,2026-09-28T21:12:38.178Z,893.2699140959999,1139947771074
2026-09-28T21:12:39.770Z,618,0,0,0,0,953,1572,1,0,954,1,true,2026-09-28T20:58:19.279Z,2026-09-28T21:12:39.175Z,894.2670134559999,1140944918882
2026-09-28T21:12:40.772Z,626,0,0,0,0,956,1583,1,0,957,1,true,2026-09-28T20:58:19.279Z,2026-09-28T21:12:40.180Z,895.2719715839999,1141949876402
2026-09-28T21:12:41.782Z,631,0,0,0,0,962,1594,1,0,963,1,true,2026-09-28T20:58:19.279Z,2026-09-28T21:12:41.184Z,896.2766652,1142954571730
2026-09-28T21:12:42.796Z,636,0,0,0,0,968,1605,1,0,969,1,true,2026-09-28T20:58:19.279Z,2026-09-28T21:12:42.188Z,897.2806956479999,1143958515938
2026-09-28T21:12:43.771Z,643,0,0,0,0,972,1616,1,0,973,1,true,2026-09-28T20:58:19.279Z,2026-09-28T21:12:43.178Z,898.269905936,1144947765394
2026-09-28T21:12:44.783Z,649,0,0,0,0,978,1628,1,0,979,1,true,2026-09-28T20:58:19.279Z,2026-09-28T21:12:44.185Z,899.2775713599999,1145955461890
2026-09-28T21:12:45.775Z,655,0,0,0,0,983,1639,1,0,984,1,true,2026-09-28T20:58:19.279Z,2026-09-28T21:12:45.179Z,900.271719632,1146949631986
2026-09-28T21:12:46.778Z,663,0,0,0,0,986,1650,1,0,987,1,true,2026-09-28T20:58:19.279Z,2026-09-28T21:12:46.183Z,901.2751150719998,1147953010418
2026-09-28T21:12:47.778Z,671,0,0,0,0,989,1661,1,0,990,1,true,2026-09-28T20:58:19.279Z,2026-09-28T21:12:47.183Z,902.275587952,1148953469410
2026-09-28T21:12:48.775Z,678,0,0,0,0,993,1672,1,0,994,1,true,2026-09-28T20:58:19.279Z,2026-09-28T21:12:48.180Z,903.272234608,1149950147042
2026-09-28T21:12:49.823Z,685,0,0,0,0,998,1684,1,0,999,1,true,2026-09-28T20:58:19.279Z,2026-09-28T21:12:49.224Z,904.315847888,1150993756290
2026-09-28T21:12:50.819Z,689,0,0,0,0,1005,1695,1,0,1006,1,true,2026-09-28T20:58:19.279Z,2026-09-28T21:12:50.219Z,905.311733344,1151989523666
2026-09-28T21:12:51.791Z,693,0,0,0,0,1012,1706,1,0,1013,1,true,2026-09-28T20:58:19.279Z,2026-09-28T21:12:51.188Z,906.280448816,1152958352898
2026-09-28T21:12:53.168Z,697,0,0,0,0,1022,1720,1,0,1023,1,true,2026-09-28T20:58:19.279Z,2026-09-28T21:12:52.498Z,907.6040539999999,1154267685490
2026-09-28T21:12:52.458Z,697,0,0,0,0,1030,1728,1,0,1031,1,true,2026-09-28T20:58:19.279Z,2026-09-28T21:12:53.207Z,908.299683552,1154977571922
2026-09-28T21:12:53.443Z,697,0,0,0,0,1042,1740,1,0,1043,1,true,2026-09-28T20:58:19.279Z,2026-09-28T21:12:54.185Z,909.277241712,1155955022210
2026-09-28T21:13:14.890Z,0,0,0,0,0,0,0,0,0,0,0,false,2026-09-28T21:13:13.526Z,2026-09-28T21:13:14.274Z,0.7476908000001004,1177401890818
2026-09-28T21:13:15.784Z,0,0,0,0,0,298,299,1,0,299,1,false,2026-09-28T21:13:13.526Z,2026-09-28T21:13:15.175Z,1.6483382240000992,1178302653330
2026-09-28T21:13:16.810Z,0,0,1,0,0,1035,1037,1,0,1036,1,false,2026-09-28T21:13:13.526Z,2026-09-28T21:13:16.202Z,2.6753405760000533,1179329630034
2026-09-28T21:13:17.805Z,7,0,1,0,0,1305,1314,1,0,1306,1,true,2026-09-28T21:13:13.526Z,2026-09-28T21:13:17.195Z,3.6683129440000357,1180322611506
2026-09-28T21:13:18.808Z,15,0,1,0,0,1309,1326,1,0,1310,1,true,2026-09-28T21:13:13.526Z,2026-09-28T21:13:18.195Z,4.66871740800002,1181323033346
2026-09-28T21:13:19.800Z,22,0,1,0,0,1313,1337,1,0,1314,1,true,2026-09-28T21:13:13.526Z,2026-09-28T21:13:19.192Z,5.665950800000019,1182320002594
2026-09-28T21:13:20.806Z,29,0,1,0,0,1317,1348,1,0,1318,1,true,2026-09-28T21:13:13.526Z,2026-09-28T21:13:20.199Z,6.672585455999979,1183326882066
2026-09-28T21:13:21.810Z,36,0,1,0,0,1321,1359,1,0,1322,1,true,2026-09-28T21:13:13.526Z,2026-09-28T21:13:21.198Z,7.671260528000175,1184325530914
2026-09-28T21:13:22.806Z,44,0,1,0,0,1324,1370,1,0,1325,1,true,2026-09-28T21:13:13.526Z,2026-09-28T21:13:22.198Z,8.671699504000117,1185326011266
2026-09-28T21:13:23.802Z,52,0,1,0,0,1328,1382,1,0,1329,1,true,2026-09-28T21:13:13.526Z,2026-09-28T21:13:23.192Z,9.665556383999956,1186319889266
2026-09-28T21:13:23.441Z,60,0,1,0,0,1331,1393,1,0,1332,1,true,2026-09-28T21:13:13.526Z,2026-09-28T21:13:24.195Z,10.668325888000027,1187322628562
2026-09-28T21:13:24.457Z,66,0,1,0,0,1337,1405,1,0,1338,1,true,2026-09-28T21:13:13.526Z,2026-09-28T21:13:25.206Z,11.679954255999974,1188334241506
2026-09-28T21:13:25.592Z,68,0,1,0,0,1346,1416,1,0,1347,1,true,2026-09-28T21:13:13.526Z,2026-09-28T21:13:26.307Z,12.781316896000135,1189435088850
2026-09-28T21:13:26.448Z,69,0,1,0,0,1355,1426,1,0,1356,1,true,2026-09-28T21:13:13.526Z,2026-09-28T21:13:27.202Z,13.675596047999989,1190329863794
2026-09-28T21:13:27.463Z,75,0,1,0,0,1362,1439,1,0,1363,1,true,2026-09-28T21:13:13.526Z,2026-09-28T21:13:28.215Z,14.688746992000006,1191343078098
2026-09-28T21:13:28.451Z,79,0,1,0,0,1368,1449,1,0,1369,1,true,2026-09-28T21:13:13.526Z,2026-09-28T21:13:29.206Z,15.679981424000061,1192334305506
2026-09-28T21:13:29.480Z,85,0,1,0,0,1374,1461,1,0,1375,1,true,2026-09-28T21:13:13.526Z,2026-09-28T21:13:30.239Z,16.712359760000027,1193366688290
2026-09-28T21:13:30.484Z,90,0,1,0,0,1380,1472,1,0,1381,1,true,2026-09-28T21:13:13.526Z,2026-09-28T21:13:31.243Z,17.716762431999996,1194371088402
2026-09-28T21:13:31.529Z,97,0,1,0,0,1384,1483,1,0,1385,1,true,2026-09-28T21:13:13.526Z,2026-09-28T21:13:32.285Z,18.759023248000176,1195413342258
2026-09-28T21:13:32.523Z,102,0,1,0,0,1391,1495,1,0,1392,1,true,2026-09-28T21:13:13.526Z,2026-09-28T21:13:33.275Z,19.74884028800011,1196403169218
2026-09-28T21:13:33.542Z,107,0,1,0,0,1397,1506,1,0,1398,1,true,2026-09-28T21:13:13.526Z,2026-09-28T21:13:34.280Z,20.756344703999957,1197407991026
2026-09-28T21:13:34.536Z,113,0,1,0,0,1402,1517,1,0,1403,1,true,2026-09-28T21:13:13.526Z,2026-09-28T21:13:35.290Z,21.764169504000165,1198418492978
2026-09-28T21:13:35.543Z,120,0,1,0,0,1406,1528,1,0,1407,1,true,2026-09-28T21:13:13.526Z,2026-09-28T21:13:36.294Z,22.767423632000146,1199421676674
2026-09-28T21:13:36.532Z,127,0,1,0,0,1410,1539,1,0,1411,1,true,2026-09-28T21:13:13.526Z,2026-09-28T21:13:37.290Z,23.764042464000113,1200418378866
2026-09-28T21:13:37.544Z,135,0,1,0,0,1414,1551,1,0,1415,1,true,2026-09-28T21:13:13.526Z,2026-09-28T21:13:36.943Z,24.77199121600006,1201426308818
2026-09-28T21:13:38.543Z,139,0,1,0,0,1421,1562,1,0,1422,1,true,2026-09-28T21:13:13.526Z,2026-09-28T21:13:37.936Z,25.765302111999972,1202419584194
2026-09-28T21:13:39.549Z,143,0,1,0,0,1429,1574,1,0,1430,1,true,2026-09-28T21:13:13.526Z,2026-09-28T21:13:38.948Z,26.777104160000135,1203431429186
2026-09-28T21:13:40.557Z,152,0,1,0,0,1431,1585,1,0,1432,1,true,2026-09-28T21:13:13.526Z,2026-09-28T21:13:39.959Z,27.78837104000013,1204442634978
2026-09-28T21:13:41.559Z,159,0,1,0,0,1435,1596,1,0,1436,1,true,2026-09-28T21:13:13.526Z,2026-09-28T21:13:40.958Z,28.787528975999976,1205441852034
2026-09-28T21:13:42.580Z,167,0,1,0,0,1439,1608,1,0,1440,1,true,2026-09-28T21:13:13.526Z,2026-09-28T21:13:41.982Z,29.811156224000115,1206465453394
2026-09-28T21:13:43.584Z,173,0,1,0,0,1444,1619,1,0,1445,1,true,2026-09-28T21:13:13.526Z,2026-09-28T21:13:42.985Z,30.813610816000164,1207467931698
2026-09-28T21:13:44.597Z,179,0,1,0,0,1449,1630,1,0,1450,1,true,2026-09-28T21:13:13.526Z,2026-09-28T21:13:43.994Z,31.82324096000002,1208477444402
2026-09-28T21:13:45.709Z,182,0,1,0,0,1457,1641,1,0,1459,1,true,2026-09-28T21:13:13.526Z,2026-09-28T21:13:45.070Z,32.89961412800017,1209552801362
2026-09-28T21:13:46.611Z,182,0,1,0,0,1468,1652,1,0,1469,1,true,2026-09-28T21:13:13.526Z,2026-09-28T21:13:46.008Z,33.837005424000154,1210491325010
2026-09-28T21:13:47.601Z,186,0,1,0,0,1476,1664,1,0,1477,1,true,2026-09-28T21:13:13.526Z,2026-09-28T21:13:47.002Z,34.83156703999998,1211485865762
2026-09-28T21:13:48.614Z,193,0,1,0,0,1480,1675,1,0,1481,1,true,2026-09-28T21:13:13.526Z,2026-09-28T21:13:48.014Z,35.84264156800009,1212496917026
2026-09-28T21:13:49.635Z,200,0,1,0,0,1484,1686,1,0,1485,1,true,2026-09-28T21:13:13.526Z,2026-09-28T21:13:49.034Z,36.863269616000025,1213517554674
2026-09-28T21:13:50.640Z,209,0,1,0,0,1486,1697,1,0,1487,1,true,2026-09-28T21:13:13.526Z,2026-09-28T21:13:50.040Z,37.86921489600013,1214523511266
2026-09-28T21:13:51.632Z,217,0,1,0,0,1489,1708,1,0,1490,1,true,2026-09-28T21:13:13.526Z,2026-09-28T21:13:51.026Z,38.854711280000174,1215509008338
2026-09-28T21:13:52.630Z,225,0,1,0,0,1493,1720,1,0,1494,1,true,2026-09-28T21:13:13.526Z,2026-09-28T21:13:52.028Z,39.857351824000034,1216511655586
2026-09-28T21:13:53.632Z,233,0,1,0,0,1496,1731,1,0,1497,1,true,2026-09-28T21:13:13.526Z,2026-09-28T21:13:53.028Z,40.857262512000034,1217511570642
2026-09-28T21:13:54.630Z,242,0,1,0,0,1498,1742,1,0,1499,1,true,2026-09-28T21:13:13.526Z,2026-09-28T21:13:54.027Z,41.85645366400013,1218510779682
2026-09-28T21:13:54.296Z,251,0,1,0,0,1500,1753,1,0,1501,1,true,2026-09-28T21:13:13.526Z,2026-09-28T21:13:55.045Z,42.87355350400003,1219527884594
2026-09-28T21:13:55.292Z,257,0,1,0,0,1505,1764,1,0,1506,1,true,2026-09-28T21:13:13.526Z,2026-09-28T21:13:56.046Z,43.874817568000026,1220529132466
2026-09-28T21:13:56.293Z,265,0,1,0,0,1509,1776,1,0,1510,1,true,2026-09-28T21:13:13.526Z,2026-09-28T21:13:57.047Z,44.87641843200004,1221530625538
2026-09-28T21:13:57.291Z,274,0,1,0,0,1511,1787,1,0,1512,1,true,2026-09-28T21:13:13.526Z,2026-09-28T21:13:58.043Z,45.87210920000007,1222526435362
2026-09-28T21:13:58.295Z,283,0,1,0,0,1513,1798,1,0,1514,1,true,2026-09-28T21:13:13.526Z,2026-09-28T21:13:59.051Z,46.87985747200014,1223534114962
2026-09-28T21:13:59.296Z,292,0,1,0,0,1515,1809,1,0,1516,1,true,2026-09-28T21:13:13.526Z,2026-09-28T21:14:00.052Z,47.88096656000016,1224535284770
2026-09-28T21:14:00.314Z,301,0,1,0,0,1518,1821,1,0,1519,1,true,2026-09-28T21:13:13.526Z,2026-09-28T21:14:01.072Z,48.901338512000166,1225555674450
2026-09-28T21:14:01.297Z,310,0,1,0,0,1521,1833,1,0,1522,1,true,2026-09-28T21:13:13.526Z,2026-09-28T21:14:02.054Z,49.883175488000006,1226537459026
2026-09-28T21:14:02.307Z,319,0,1,0,0,1523,1844,1,0,1524,1,true,2026-09-28T21:13:13.526Z,2026-09-28T21:14:03.060Z,50.88927118400011,1227543589874
2026-09-28T21:14:03.314Z,326,0,1,0,0,1526,1854,1,0,1528,1,true,2026-09-28T21:13:13.526Z,2026-09-28T21:14:04.067Z,51.89620198400007,1228550504450
2026-09-28T21:14:04.316Z,332,0,1,0,0,1532,1866,1,0,1533,1,true,2026-09-28T21:13:13.526Z,2026-09-28T21:14:05.064Z,52.89328214400007,1229547598738
2026-09-28T21:14:05.313Z,338,0,1,0,0,1537,1877,1,0,1538,1,true,2026-09-28T21:13:13.526Z,2026-09-28T21:14:06.066Z,53.89492305600015,1230549132562
2026-09-28T21:14:06.348Z,343,0,1,0,0,1544,1889,1,0,1545,1,true,2026-09-28T21:13:13.526Z,2026-09-28T21:14:07.105Z,54.9336552960001,1231587944082
2026-09-28T21:14:07.313Z,349,0,1,0,0,1548,1899,1,0,1549,1,true,2026-09-28T21:13:13.526Z,2026-09-28T21:14:08.064Z,55.89350839999997,1232547810178
2026-09-28T21:14:08.324Z,352,0,1,0,0,1557,1911,1,0,1558,1,true,2026-09-28T21:13:13.526Z,2026-09-28T21:14:09.073Z,56.901770064000175,1233556088546
2026-09-28T21:14:09.356Z,355,0,1,0,0,1565,1922,1,0,1566,1,true,2026-09-28T21:13:13.526Z,2026-09-28T21:14:08.695Z,57.90891327999998,1234563076626
2026-09-28T21:14:10.313Z,358,0,1,0,0,1573,1933,1,0,1574,1,true,2026-09-28T21:13:13.526Z,2026-09-28T21:14:09.677Z,58.89330540800006,1235545283506
2026-09-28T21:14:11.304Z,364,0,1,0,0,1579,1945,1,0,1580,1,true,2026-09-28T21:13:13.526Z,2026-09-28T21:14:10.673Z,59.887736240000095,1236542025170
2026-09-28T21:14:12.457Z,370,0,1,0,0,1585,1957,1,0,1586,1,true,2026-09-28T21:13:13.526Z,2026-09-28T21:14:11.808Z,61.02390342400008,1237676993746
2026-09-28T21:14:13.300Z,370,0,1,0,0,1595,1967,1,0,1596,1,true,2026-09-28T21:13:13.526Z,2026-09-28T21:14:12.673Z,61.88688987199998,1238541217314
2026-09-28T21:14:14.347Z,372,0,1,0,0,1604,1978,1,0,1605,1,true,2026-09-28T21:13:13.526Z,2026-09-28T21:14:13.718Z,62.93206676800014,1239586363378
2026-09-28T21:14:15.302Z,378,0,1,0,0,1609,1989,1,0,1610,1,true,2026-09-28T21:13:13.526Z,2026-09-28T21:14:14.674Z,63.887993984000104,1240542303906
2026-09-28T21:14:16.305Z,387,0,1,0,0,1612,2001,1,0,1613,1,true,2026-09-28T21:13:13.526Z,2026-09-28T21:14:15.677Z,64.89103881599999,1241545354450
2026-09-28T21:14:17.307Z,396,0,1,0,0,1614,2012,1,0,1615,1,true,2026-09-28T21:13:13.526Z,2026-09-28T21:14:16.678Z,65.89287958399996,1242546516610
2026-09-28T21:14:18.304Z,405,0,1,0,0,1616,2023,1,0,1617,1,true,2026-09-28T21:13:13.526Z,2026-09-28T21:14:17.676Z,66.89073040000017,1243544939938
2026-09-28T21:14:19.310Z,415,0,1,0,0,1617,2034,1,0,1618,1,true,2026-09-28T21:13:13.526Z,2026-09-28T21:14:18.679Z,67.89305873600006,1244547393458
2026-09-28T21:14:20.306Z,424,0,1,0,0,1619,2045,1,0,1620,1,true,2026-09-28T21:13:13.526Z,2026-09-28T21:14:19.678Z,68.89265822400012,1245546951122
2026-09-28T21:14:21.321Z,434,0,1,0,0,1621,2057,1,0,1622,1,true,2026-09-28T21:13:13.526Z,2026-09-28T21:14:20.686Z,69.90071201600017,1246555028962
2026-09-28T21:14:22.310Z,443,0,1,0,0,1623,2068,1,0,1624,1,true,2026-09-28T21:13:13.526Z,2026-09-28T21:14:21.682Z,70.89661736000016,1247550949378
2026-09-28T21:14:23.318Z,450,0,1,0,0,1627,2079,1,0,1628,1,true,2026-09-28T21:13:13.526Z,2026-09-28T21:14:22.683Z,71.89698153600011,1248551277602
2026-09-28T21:14:24.314Z,457,0,1,0,0,1631,2090,1,0,1632,1,true,2026-09-28T21:13:13.526Z,2026-09-28T21:14:23.686Z,72.90003222400014,1249554363890
2026-09-28T21:14:25.321Z,465,0,1,0,0,1634,2101,1,0,1635,1,true,2026-09-28T21:13:13.526Z,2026-09-28T21:14:24.690Z,73.90449369600015,1250558822562
2026-09-28T21:14:24.926Z,473,0,1,0,0,1638,2113,1,0,1639,1,true,2026-09-28T21:13:13.526Z,2026-09-28T21:14:25.698Z,74.91194502400003,1251566283138
2026-09-28T21:14:25.923Z,481,0,1,0,0,1641,2124,1,0,1642,1,true,2026-09-28T21:13:13.526Z,2026-09-28T21:14:26.691Z,75.90526451200003,1252559553298
2026-09-28T21:14:26.919Z,490,0,1,0,0,1643,2135,1,0,1644,1,true,2026-09-28T21:13:13.526Z,2026-09-28T21:14:27.689Z,76.90283982400001,1253557171954
2026-09-28T21:14:27.932Z,501,0,1,0,0,1643,2146,1,0,1644,1,true,2026-09-28T21:13:13.526Z,2026-09-28T21:14:28.703Z,77.91771108800003,1254572053250
2026-09-28T21:14:28.919Z,510,0,1,0,0,1645,2157,1,0,1646,1,true,2026-09-28T21:13:13.526Z,2026-09-28T21:14:29.690Z,78.90389352000011,1255558176994
2026-09-28T21:14:29.921Z,520,0,1,0,0,1647,2169,1,0,1648,1,true,2026-09-28T21:13:13.526Z,2026-09-28T21:14:30.692Z,79.90660737600001,1256560942418
2026-09-28T21:14:30.940Z,529,0,1,0,0,1649,2180,1,0,1650,1,true,2026-09-28T21:13:13.526Z,2026-09-28T21:14:31.711Z,80.92498923200014,1257579314178
2026-09-28T21:14:31.946Z,538,0,1,0,0,1651,2191,1,0,1652,1,true,2026-09-28T21:13:13.526Z,2026-09-28T21:14:32.717Z,81.93102987199995,1258585382242
2026-09-28T21:14:32.975Z,549,0,1,0,0,1651,2202,1,0,1652,1,true,2026-09-28T21:13:13.526Z,2026-09-28T21:14:33.741Z,82.95541262400002,1259609731346
2026-09-28T21:14:33.958Z,558,0,1,0,0,1653,2213,1,0,1654,1,true,2026-09-28T21:13:13.526Z,2026-09-28T21:14:34.729Z,83.94331321599998,1260597650114
2026-09-28T21:14:34.996Z,567,0,1,0,0,1656,2225,1,0,1657,1,true,2026-09-28T21:13:13.526Z,2026-09-28T21:14:35.761Z,84.97538289600016,1261629687010
2026-09-28T21:14:35.969Z,573,0,1,0,0,1661,2236,1,0,1662,1,true,2026-09-28T21:13:13.526Z,2026-09-28T21:14:36.738Z,85.95225753600016,1262606576738
2026-09-28T21:14:37.007Z,580,0,1,0,0,1666,2248,1,0,1667,1,true,2026-09-28T21:13:13.526Z,2026-09-28T21:14:37.775Z,86.98925464000013,1263643474882
2026-09-28T21:14:38.011Z,588,0,1,0,0,1669,2259,1,0,1670,1,true,2026-09-28T21:13:13.526Z,2026-09-28T21:14:38.777Z,87.9910817120001,1264645404002
2026-09-28T21:14:39.015Z,594,0,1,0,0,1674,2270,1,0,1675,1,true,2026-09-28T21:13:13.526Z,2026-09-28T21:14:39.781Z,88.99568750399999,1265649995554
2026-09-28T21:14:40.067Z,596,0,1,0,0,1684,2282,1,0,1685,1,true,2026-09-28T21:13:13.526Z,2026-09-28T21:14:39.375Z,90.03604643200015,1266690362962
2026-09-28T21:14:41.245Z,599,0,1,0,0,1695,2296,1,0,1696,1,true,2026-09-28T21:13:13.526Z,2026-09-28T21:14:40.556Z,91.21666860799996,1267870974082
2026-09-28T21:14:42.119Z,603,0,1,0,0,1700,2305,1,0,1701,1,true,2026-09-28T21:13:13.526Z,2026-09-28T21:14:41.433Z,92.09384852800008,1268747958034
2026-09-28T21:14:43.125Z,609,0,1,0,0,1705,2316,1,0,1706,1,true,2026-09-28T21:13:13.526Z,2026-09-28T21:14:42.443Z,93.10330259200009,1269757631858
2026-09-28T21:14:44.306Z,609,0,1,0,0,1719,2330,1,0,1720,1,true,2026-09-28T21:13:13.526Z,2026-09-28T21:14:43.603Z,94.26414001600006,1270917801874
2026-09-28T21:14:45.151Z,609,0,1,0,0,1728,2339,1,0,1729,1,true,2026-09-28T21:13:13.526Z,2026-09-28T21:14:44.467Z,95.12752267200017,1271781792114
2026-09-28T21:14:46.149Z,610,0,1,0,0,1738,2350,1,0,1739,1,true,2026-09-28T21:13:13.526Z,2026-09-28T21:14:45.471Z,96.13121702400008,1272785543490
2026-09-28T21:14:47.144Z,614,0,1,0,0,1745,2361,1,0,1746,1,true,2026-09-28T21:13:13.526Z,2026-09-28T21:14:46.468Z,97.12867494400007,1273783001746
2026-09-28T21:14:48.150Z,620,0,1,0,0,1750,2372,1,0,1751,1,true,2026-09-28T21:13:13.526Z,2026-09-28T21:14:47.473Z,98.13345132800009,1274787751634
2026-09-28T21:14:49.160Z,625,0,1,0,0,1756,2383,1,0,1757,1,true,2026-09-28T21:13:13.526Z,2026-09-28T21:14:48.476Z,99.13703833600016,1275791244546
2026-09-28T21:14:50.151Z,634,0,1,0,0,1759,2395,1,0,1760,1,true,2026-09-28T21:13:13.526Z,2026-09-28T21:14:49.475Z,100.13531142400007,1276789603842
2026-09-28T21:14:51.161Z,643,0,1,0,0,1761,2406,1,0,1762,1,true,2026-09-28T21:13:13.526Z,2026-09-28T21:14:50.480Z,101.14126336000004,1277795471202
2026-09-28T21:14:52.167Z,652,0,1,0,0,1763,2417,1,0,1764,1,true,2026-09-28T21:13:13.526Z,2026-09-28T21:14:51.483Z,102.14325305600005,1278797571378
2026-09-28T21:14:53.202Z,659,0,1,0,0,1767,2428,1,0,1768,1,true,2026-09-28T21:13:13.526Z,2026-09-28T21:14:52.512Z,103.17302408,1279827306050
2026-09-28T21:14:54.166Z,667,0,1,0,0,1770,2439,1,0,1771,1,true,2026-09-28T21:13:13.526Z,2026-09-28T21:14:53.484Z,104.14518664000002,1280799484466
2026-09-28T21:14:55.175Z,675,0,1,0,0,1774,2451,1,0,1775,1,true,2026-09-28T21:13:13.526Z,2026-09-28T21:14:54.488Z,105.14925624000011,1281803481330
2026-09-28T21:14:56.176Z,679,0,1,0,0,1781,2462,1,0,1782,1,true,2026-09-28T21:13:13.526Z,2026-09-28T21:14:55.489Z,106.14961219200018,1282803912178
2026-09-28T21:14:55.786Z,686,0,1,0,0,1785,2473,1,0,1786,1,true,2026-09-28T21:13:13.526Z,2026-09-28T21:14:56.491Z,107.15194073600014,1283806267538
2026-09-28T21:14:56.782Z,693,0,1,0,0,1789,2484,1,0,1790,1,true,2026-09-28T21:13:13.526Z,2026-09-28T21:14:57.487Z,108.14737043200012,1284801579698
2026-09-28T21:14:57.826Z,702,0,1,0,0,1792,2496,1,0,1794,1,true,2026-09-28T21:13:13.526Z,2026-09-28T21:14:58.531Z,109.19126156800007,1285845591826
2026-09-28T21:14:58.808Z,711,0,1,0,0,1794,2507,1,0,1795,1,true,2026-09-28T21:13:13.526Z,2026-09-28T21:14:59.508Z,110.16885328000012,1286823145714
2026-09-28T21:14:59.789Z,719,0,1,0,0,1797,2518,1,0,1798,1,true,2026-09-28T21:13:13.526Z,2026-09-28T21:15:00.494Z,111.15450043200008,1287808742354
2026-09-28T21:15:00.810Z,728,0,1,0,0,1799,2529,1,0,1800,1,true,2026-09-28T21:13:13.526Z,2026-09-28T21:15:01.508Z,112.16855905600005,1288822831778
2026-09-28T21:15:01.807Z,738,0,1,0,0,1800,2540,1,0,1801,1,true,2026-09-28T21:13:13.526Z,2026-09-28T21:15:02.512Z,113.17233108799996,1289826592482
2026-09-28T21:15:02.804Z,747,0,1,0,0,1802,2551,1,0,1803,1,true,2026-09-28T21:13:13.526Z,2026-09-28T21:15:03.510Z,114.17084918399996,1290825107714
2026-09-28T21:15:03.814Z,756,0,1,0,0,1805,2563,1,0,1806,1,true,2026-09-28T21:13:13.526Z,2026-09-28T21:15:04.513Z,115.17362516800017,1291827944386
2026-09-28T21:15:04.811Z,764,0,1,0,0,1808,2574,1,0,1809,1,true,2026-09-28T21:13:13.526Z,2026-09-28T21:15:05.511Z,116.17150336000009,1292825763698
2026-09-28T21:15:05.822Z,771,0,1,0,0,1814,2587,1,0,1815,1,true,2026-09-28T21:13:13.526Z,2026-09-28T21:15:06.523Z,117.183352496,1293837607778
2026-09-28T21:15:06.807Z,780,0,1,0,0,1814,2596,1,0,1815,1,true,2026-09-28T21:13:13.526Z,2026-09-28T21:15:07.509Z,118.169440592,1294823574354
2026-09-28T21:15:07.815Z,788,0,1,0,0,1817,2607,1,0,1818,1,true,2026-09-28T21:13:13.526Z,2026-09-28T21:15:08.515Z,119.17557105600008,1295829833586
2026-09-28T21:15:08.842Z,797,0,1,0,0,1822,2621,1,0,1823,1,true,2026-09-28T21:13:13.526Z,2026-09-28T21:15:09.543Z,120.20395572799998,1296858260194
2026-09-28T21:15:09.825Z,806,0,1,0,0,1824,2632,1,0,1825,1,true,2026-09-28T21:13:13.526Z,2026-09-28T21:15:10.531Z,121.19170481600008,1297846025042
2026-09-28T21:15:10.831Z,812,0,1,0,0,1827,2641,1,0,1828,1,true,2026-09-28T21:13:13.526Z,2026-09-28T21:15:10.170Z,122.19171000000006,1298846028258
2026-09-28T21:15:11.813Z,817,0,1,0,0,1835,2654,1,0,1836,1,true,2026-09-28T21:13:13.526Z,2026-09-28T21:15:11.159Z,123.18133188800016,1299835664242
2026-09-28T21:15:12.846Z,820,0,1,0,0,1841,2663,1,0,1842,1,true,2026-09-28T21:13:13.526Z,2026-09-28T21:15:12.189Z,124.21139910400007,1300865708418
