attempt,started_utc,started_monotonic_s,finished_monotonic_s,outcome,error,next_wait_s
1,2026-09-28T21:10:23.031Z,1096.984516,1097.046085,ok,,0.938
2,2026-09-28T21:10:24.031Z,1097.985204,1098.008546,ok,,0.977
3,2026-09-28T21:10:25.032Z,1098.985357,1099.002707,ok,,0.983
4,2026-09-28T21:10:26.032Z,1099.985741,1100.086144,ok,,0.900
5,2026-09-28T21:10:27.032Z,1100.985958,1101.011200,ok,,0.975
6,2026-09-28T21:10:28.035Z,1101.988520,1102.024240,ok,,0.964
7,2026-09-28T21:10:29.039Z,1102.992381,1103.020384,ok,,0.972
8,2026-09-28T21:10:30.079Z,1104.032728,1104.094988,ok,,0.938
9,2026-09-28T21:10:31.079Z,1105.032901,1105.071366,ok,,0.962
10,2026-09-28T21:10:32.079Z,1106.033152,1106.068508,ok,,0.965
11,2026-09-28T21:10:33.080Z,1107.033616,1107.058554,ok,,0.975
12,2026-09-28T21:10:34.081Z,1108.034336,1108.063118,ok,,0.971
13,2026-09-28T21:10:35.081Z,1109.035157,1109.066557,ok,,0.969
14,2026-09-28T21:10:36.082Z,1110.035863,1110.079359,ok,,0.957
15,2026-09-28T21:10:37.083Z,1111.036342,1111.057840,ok,,0.979
16,2026-09-28T21:10:38.083Z,1112.036487,1112.074136,ok,,0.962
17,2026-09-28T21:10:39.083Z,1113.036750,1113.086987,ok,,0.950
18,2026-09-28T21:10:40.083Z,1114.037254,1114.061486,ok,,0.976
19,2026-09-28T21:10:41.084Z,1115.037657,1115.064952,ok,,0.973
20,2026-09-28T21:10:42.084Z,1116.038187,1116.079148,ok,,0.959
21,2026-09-28T21:10:43.085Z,1117.038754,1117.059700,ok,,0.979
22,2026-09-28T21:10:44.085Z,1118.039017,1118.064471,ok,,0.975
23,2026-09-28T21:10:45.086Z,1119.039478,1119.059747,ok,,0.980
24,2026-09-28T21:10:46.086Z,1120.039765,1120.311450,ok,,0.728
25,2026-09-28T21:10:47.086Z,1121.040059,1121.064530,ok,,0.976
26,2026-09-28T21:10:48.086Z,1122.040242,1122.091229,ok,,0.949
27,2026-09-28T21:10:49.088Z,1123.042010,1123.100573,ok,,0.941
28,2026-09-28T21:10:48.731Z,1124.042236,1124.082051,ok,,0.960
29,2026-09-28T21:10:49.732Z,1125.043056,1125.068658,ok,,0.974
30,2026-09-28T21:10:50.732Z,1126.043330,1126.072981,ok,,0.970
31,2026-09-28T21:10:51.733Z,1127.044396,1127.067992,ok,,0.976
32,2026-09-28T21:10:52.734Z,1128.044684,1128.068977,ok,,0.976
33,2026-09-28T21:10:53.735Z,1129.045764,1129.102764,ok,,0.943
34,2026-09-28T21:10:54.736Z,1130.046728,1130.078233,ok,,0.968
35,2026-09-28T21:10:55.737Z,1131.047928,1131.073175,ok,,0.975
36,2026-09-28T21:10:56.738Z,1132.049015,1132.069269,ok,,0.980
37,2026-09-28T21:10:57.739Z,1133.050340,1133.068554,ok,,0.982
38,2026-09-28T21:10:58.741Z,1134.051697,1134.072414,ok,,0.979
39,2026-09-28T21:10:59.742Z,1135.053098,1135.070896,ok,,0.982
40,2026-09-28T21:11:00.742Z,1136.053297,1136.089486,ok,,0.964
41,2026-09-28T21:11:01.753Z,1137.064068,1137.148337,ok,,0.916
42,2026-09-28T21:11:02.761Z,1138.072358,1138.113444,ok,,0.959
43,2026-09-28T21:11:03.762Z,1139.072535,1139.115022,ok,,0.958
44,2026-09-28T21:11:04.762Z,1140.072942,1140.136126,ok,,0.937
45,2026-09-28T21:11:05.762Z,1141.073147,1141.105553,ok,,0.968
46,2026-09-28T21:11:06.762Z,1142.073392,1142.099460,ok,,0.974
47,2026-09-28T21:11:07.765Z,1143.076050,1143.121448,ok,,0.955
48,2026-09-28T21:11:08.768Z,1144.078648,1144.479516,ok,,0.599
49,2026-09-28T21:11:09.768Z,1145.078913,1145.120803,ok,,0.958
50,2026-09-28T21:11:10.771Z,1146.081609,1146.129136,ok,,0.952
51,2026-09-28T21:11:11.771Z,1147.081855,1147.095314,ok,,0.987
52,2026-09-28T21:11:12.773Z,1148.083785,1148.103563,ok,,0.980
53,2026-09-28T21:11:13.773Z,1149.084164,1149.113140,ok,,0.971
54,2026-09-28T21:11:14.773Z,1150.084499,1150.105581,ok,,0.979
55,2026-09-28T21:11:15.774Z,1151.084816,1151.110157,ok,,0.975
56,2026-09-28T21:11:16.774Z,1152.085034,1152.107816,ok,,0.977
57,2026-09-28T21:11:17.775Z,1153.085528,1153.108780,ok,,0.977
58,2026-09-28T21:11:18.775Z,1154.086389,1154.104248,ok,,0.982
59,2026-09-28T21:11:19.776Z,1155.086752,1155.109159,ok,,0.978
60,2026-09-28T21:11:19.443Z,1156.086990,1156.105298,ok,,0.982
61,2026-09-28T21:11:20.444Z,1157.087317,1157.103286,ok,,0.984
62,2026-09-28T21:11:21.444Z,1158.087771,1158.105231,ok,,0.983
63,2026-09-28T21:11:22.445Z,1159.088092,1159.106060,ok,,0.982
64,2026-09-28T21:11:23.445Z,1160.088422,1160.129059,ok,,0.959
65,2026-09-28T21:11:24.445Z,1161.088728,1161.143632,ok,,0.945
66,2026-09-28T21:11:25.446Z,1162.089140,1162.112310,ok,,0.977
67,2026-09-28T21:11:26.446Z,1163.089566,1163.107129,ok,,0.982
68,2026-09-28T21:11:27.446Z,1164.089891,1164.110511,ok,,0.979
69,2026-09-28T21:11:28.447Z,1165.090329,1165.109656,ok,,0.981
70,2026-09-28T21:11:29.447Z,1166.090660,1166.119779,ok,,0.971
71,2026-09-28T21:11:30.448Z,1167.091203,1167.122012,ok,,0.969
72,2026-09-28T21:11:31.448Z,1168.091667,1168.105535,ok,,0.986
73,2026-09-28T21:11:32.448Z,1169.092037,1169.107610,ok,,0.984
74,2026-09-28T21:11:33.449Z,1170.092337,1170.108950,ok,,0.983
75,2026-09-28T21:11:34.449Z,1171.092678,1171.120592,ok,,0.972
76,2026-09-28T21:11:35.450Z,1172.093254,1172.114295,ok,,0.979
77,2026-09-28T21:11:36.450Z,1173.093851,1173.133635,ok,,0.960
78,2026-09-28T21:11:37.459Z,1174.102483,1174.136875,ok,,0.966
79,2026-09-28T21:11:38.459Z,1175.102756,1175.240128,ok,,0.863
80,2026-09-28T21:11:39.460Z,1176.103876,1176.137092,ok,,0.967
81,2026-09-28T21:11:40.461Z,1177.105052,1177.123524,ok,,0.982
82,2026-09-28T21:11:41.463Z,1178.106177,1178.126571,ok,,0.980
83,2026-09-28T21:11:42.463Z,1179.107045,1179.138768,ok,,0.968
84,2026-09-28T21:11:43.465Z,1180.108132,1180.133295,ok,,0.975
85,2026-09-28T21:11:44.465Z,1181.108634,1181.132273,ok,,0.976
86,2026-09-28T21:11:45.465Z,1182.108795,1182.147047,ok,,0.962
87,2026-09-28T21:11:46.465Z,1183.109014,1183.137816,ok,,0.971
88,2026-09-28T21:11:47.466Z,1184.109986,1184.131642,ok,,0.978
89,2026-09-28T21:11:48.468Z,1185.111082,1185.148353,ok,,0.963
90,2026-09-28T21:11:49.469Z,1186.112277,1186.130020,ok,,0.982
91,2026-09-28T21:11:50.470Z,1187.113546,1187.132738,ok,,0.981
92,2026-09-28T21:11:51.470Z,1188.113755,1188.134988,ok,,0.979
93,2026-09-28T21:11:51.064Z,1189.115172,1189.131298,ok,,0.984
94,2026-09-28T21:11:52.065Z,1190.116473,1190.143431,ok,,0.973
95,2026-09-28T21:11:53.066Z,1191.117757,1191.140073,ok,,0.978
96,2026-09-28T21:11:54.067Z,1192.118152,1192.152353,ok,,0.966
97,2026-09-28T21:11:55.068Z,1193.119488,1193.137640,ok,,0.982
98,2026-09-28T21:11:56.068Z,1194.119896,1194.137621,ok,,0.982
99,2026-09-28T21:11:57.070Z,1195.121432,1195.145527,ok,,0.976
100,2026-09-28T21:11:58.070Z,1196.121771,1196.141557,ok,,0.980
101,2026-09-28T21:11:59.072Z,1197.122972,1197.139346,ok,,0.984
102,2026-09-28T21:12:00.072Z,1198.123162,1198.138986,ok,,0.984
103,2026-09-28T21:12:01.074Z,1199.125485,1199.141325,ok,,0.984
104,2026-09-28T21:12:02.075Z,1200.125992,1200.154692,ok,,0.971
105,2026-09-28T21:12:03.086Z,1201.137287,1201.153575,ok,,0.984
106,2026-09-28T21:12:04.090Z,1202.141867,1202.181248,ok,,0.961
107,2026-09-28T21:12:05.098Z,1203.149595,1203.169836,ok,,0.980
108,2026-09-28T21:12:06.100Z,1204.151903,1204.175428,ok,,0.976
109,2026-09-28T21:12:07.102Z,1205.153003,1205.303360,ok,,0.850
110,2026-09-28T21:12:08.103Z,1206.154157,1206.188725,ok,,0.965
111,2026-09-28T21:12:09.104Z,1207.155415,1207.208620,ok,,0.947
112,2026-09-28T21:12:10.105Z,1208.156832,1208.195318,ok,,0.962
113,2026-09-28T21:12:11.111Z,1209.162749,1209.185601,ok,,0.977
114,2026-09-28T21:12:12.113Z,1210.164342,1210.192759,ok,,0.972
115,2026-09-28T21:12:13.115Z,1211.165993,1211.189159,ok,,0.977
116,2026-09-28T21:12:14.116Z,1212.167766,1212.183649,ok,,0.984
117,2026-09-28T21:12:15.118Z,1213.169585,1213.204459,ok,,0.965
118,2026-09-28T21:12:16.120Z,1214.171172,1214.185598,ok,,0.986
119,2026-09-28T21:12:17.122Z,1215.173574,1215.208352,ok,,0.965
120,2026-09-28T21:12:18.124Z,1216.175127,1216.206755,ok,,0.968
121,2026-09-28T21:12:19.124Z,1217.175828,1217.204290,ok,,0.972
122,2026-09-28T21:12:20.126Z,1218.177916,1218.204155,ok,,0.974
123,2026-09-28T21:12:21.128Z,1219.179214,1219.239005,ok,,0.940
124,2026-09-28T21:12:22.130Z,1220.181940,1220.210920,ok,,0.971
125,2026-09-28T21:12:21.745Z,1221.182221,1221.199083,ok,,0.983
126,2026-09-28T21:12:22.745Z,1222.182447,1222.214009,ok,,0.968
127,2026-09-28T21:12:23.747Z,1223.184767,1223.204540,ok,,0.980
128,2026-09-28T21:12:24.747Z,1224.184934,1224.210335,ok,,0.975
129,2026-09-28T21:12:25.748Z,1225.185095,1225.199714,ok,,0.985
130,2026-09-28T21:12:26.748Z,1226.185289,1226.212553,ok,,0.973
131,2026-09-28T21:12:27.748Z,1227.185547,1227.200591,ok,,0.985
132,2026-09-28T21:12:28.748Z,1228.185886,1228.209183,ok,,0.977
133,2026-09-28T21:12:29.749Z,1229.186220,1229.298076,ok,,0.888
134,2026-09-28T21:12:30.749Z,1230.186571,1230.262201,ok,,0.924
135,2026-09-28T21:12:31.749Z,1231.186933,1231.202255,ok,,0.985
136,2026-09-28T21:12:32.750Z,1232.187238,1232.207086,ok,,0.980
137,2026-09-28T21:12:33.750Z,1233.187652,1233.210502,ok,,0.977
138,2026-09-28T21:12:34.751Z,1234.188082,1234.216865,ok,,0.971
139,2026-09-28T21:12:35.751Z,1235.188526,1235.212728,ok,,0.976
140,2026-09-28T21:12:36.751Z,1236.188955,1236.213681,ok,,0.975
141,2026-09-28T21:12:37.752Z,1237.189142,1237.227121,ok,,0.962
142,2026-09-28T21:12:38.752Z,1238.189688,1238.209313,ok,,0.980
143,2026-09-28T21:12:39.753Z,1239.190246,1239.207343,ok,,0.983
144,2026-09-28T21:12:40.753Z,1240.190729,1240.209736,ok,,0.981
145,2026-09-28T21:12:41.754Z,1241.191391,1241.219598,ok,,0.972
146,2026-09-28T21:12:42.754Z,1242.191953,1242.233974,ok,,0.958
147,2026-09-28T21:12:43.755Z,1243.192120,1243.208987,ok,,0.983
148,2026-09-28T21:12:44.755Z,1244.192572,1244.220193,ok,,0.972
149,2026-09-28T21:12:45.755Z,1245.193039,1245.212391,ok,,0.981
150,2026-09-28T21:12:46.756Z,1246.193722,1246.215549,ok,,0.978
151,2026-09-28T21:12:47.757Z,1247.194240,1247.215534,ok,,0.979
152,2026-09-28T21:12:48.757Z,1248.194930,1248.212306,ok,,0.983
153,2026-09-28T21:12:49.758Z,1249.195570,1249.260929,ok,,0.935
154,2026-09-28T21:12:50.759Z,1250.196328,1250.256951,ok,,0.939
155,2026-09-28T21:12:51.759Z,1251.196498,1251.228576,ok,,0.968
156,2026-09-28T21:12:52.759Z,1252.196639,1252.605189,ok,,0.591
157,2026-09-28T21:12:52.416Z,1253.197250,1253.238923,ok,,0.958
158,2026-09-28T21:12:53.416Z,1254.197427,1254.224782,ok,,0.973
159,2026-09-28T21:12:54.416Z,1255.197603,1255.218442,error,Remote end closed connection without response,0.050
160,2026-09-28T21:12:54.487Z,1255.268789,1255.278684,error,Remote end closed connection without response,0.050
161,2026-09-28T21:12:54.548Z,1255.329041,1255.346703,error,Remote end closed connection without response,0.050
162,2026-09-28T21:12:54.616Z,1255.397361,1255.408075,error,Remote end closed connection without response,0.050
163,2026-09-28T21:12:54.677Z,1255.458293,1255.473347,error,Remote end closed connection without response,0.050
164,2026-09-28T21:12:54.742Z,1255.523768,1255.534197,error,Remote end closed connection without response,0.050
165,2026-09-28T21:12:54.803Z,1255.584523,1255.591978,error,Remote end closed connection without response,0.050
166,2026-09-28T21:12:54.862Z,1255.643034,1255.660475,error,Remote end closed connection without response,0.050
167,2026-09-28T21:12:54.930Z,1255.711214,1255.724224,error,Remote end closed connection without response,0.050
168,2026-09-28T21:12:54.993Z,1255.774798,1255.785026,error,Remote end closed connection without response,0.050
169,2026-09-28T21:12:55.054Z,1255.835585,1255.841520,error,Remote end closed connection without response,0.050
170,2026-09-28T21:12:55.111Z,1255.891944,1255.896585,error,Remote end closed connection without response,0.050
171,2026-09-28T21:12:55.166Z,1255.947857,1255.969312,error,Remote end closed connection without response,0.050
172,2026-09-28T21:12:55.239Z,1256.020269,1256.026390,error,Remote end closed connection without response,0.050
173,2026-09-28T21:12:55.296Z,1256.077400,1256.085153,error,Remote end closed connection without response,0.050
174,2026-09-28T21:12:55.354Z,1256.135751,1256.143016,error,Remote end closed connection without response,0.050
175,2026-09-28T21:12:55.412Z,1256.193352,1256.198960,error,[Errno 104] Connection reset by peer,0.050
176,2026-09-28T21:12:55.469Z,1256.250131,1256.252569,error,[Errno 104] Connection reset by peer,0.050
177,2026-09-28T21:12:55.522Z,1256.303618,1256.306570,error,[Errno 104] Connection reset by peer,0.050
178,2026-09-28T21:12:55.577Z,1256.358240,1256.362604,error,[Errno 104] Connection reset by peer,0.050
179,2026-09-28T21:12:55.632Z,1256.413079,1256.417224,error,[Errno 104] Connection reset by peer,0.050
180,2026-09-28T21:12:55.686Z,1256.467480,1256.474044,error,[Errno 104] Connection reset by peer,0.050
181,2026-09-28T21:12:55.743Z,1256.524301,1256.533660,error,[Errno 104] Connection reset by peer,0.050
182,2026-09-28T21:12:55.803Z,1256.584050,1256.596195,error,[Errno 104] Connection reset by peer,0.050
183,2026-09-28T21:12:55.866Z,1256.647428,1256.650372,error,[Errno 104] Connection reset by peer,0.050
184,2026-09-28T21:12:55.919Z,1256.700720,1256.707737,error,[Errno 104] Connection reset by peer,0.050
185,2026-09-28T21:12:55.978Z,1256.759116,1256.763100,error,[Errno 104] Connection reset by peer,0.050
186,2026-09-28T21:12:56.032Z,1256.813728,1256.816460,error,[Errno 104] Connection reset by peer,0.050
187,2026-09-28T21:12:56.086Z,1256.867103,1256.871102,error,[Errno 104] Connection reset by peer,0.050
188,2026-09-28T21:12:56.141Z,1256.922458,1256.930408,error,[Errno 104] Connection reset by peer,0.050
189,2026-09-28T21:12:56.201Z,1256.982083,1256.985652,error,[Errno 104] Connection reset by peer,0.050
190,2026-09-28T21:12:56.256Z,1257.036956,1257.044550,error,[Errno 104] Connection reset by peer,0.050
191,2026-09-28T21:12:56.314Z,1257.095051,1257.104860,error,[Errno 104] Connection reset by peer,0.050
192,2026-09-28T21:12:56.375Z,1257.156134,1257.160360,error,[Errno 104] Connection reset by peer,0.050
193,2026-09-28T21:12:56.430Z,1257.211635,1257.217275,error,[Errno 104] Connection reset by peer,0.050
194,2026-09-28T21:12:56.486Z,1257.267661,1257.269821,error,[Errno 104] Connection reset by peer,0.050
195,2026-09-28T21:12:56.540Z,1257.321146,1257.323284,error,[Errno 104] Connection reset by peer,0.050
196,2026-09-28T21:12:56.594Z,1257.375000,1257.377147,error,[Errno 104] Connection reset by peer,0.050
197,2026-09-28T21:12:56.646Z,1257.427545,1257.438898,error,[Errno 104] Connection reset by peer,0.050
198,2026-09-28T21:12:56.708Z,1257.489219,1257.491346,error,[Errno 104] Connection reset by peer,0.050
199,2026-09-28T21:12:56.761Z,1257.542381,1257.549332,error,[Errno 104] Connection reset by peer,0.050
200,2026-09-28T21:12:56.819Z,1257.600304,1257.602836,error,[Errno 104] Connection reset by peer,0.050
201,2026-09-28T21:12:56.873Z,1257.654353,1257.657810,error,[Errno 104] Connection reset by peer,0.050
202,2026-09-28T21:12:56.928Z,1257.709075,1257.710933,error,[Errno 104] Connection reset by peer,0.050
203,2026-09-28T21:12:56.981Z,1257.762613,1257.765422,error,[Errno 104] Connection reset by peer,0.050
204,2026-09-28T21:12:57.035Z,1257.816182,1257.821063,error,[Errno 104] Connection reset by peer,0.050
205,2026-09-28T21:12:57.091Z,1257.872671,1257.874916,error,[Errno 104] Connection reset by peer,0.050
206,2026-09-28T21:12:57.144Z,1257.925202,1257.929239,error,[Errno 104] Connection reset by peer,0.050
207,2026-09-28T21:12:57.199Z,1257.980543,1257.982276,error,[Errno 104] Connection reset by peer,0.050
208,2026-09-28T21:12:57.251Z,1258.032426,1258.035302,error,[Errno 104] Connection reset by peer,0.050
209,2026-09-28T21:12:57.304Z,1258.085632,1258.088159,error,[Errno 104] Connection reset by peer,0.050
210,2026-09-28T21:12:57.358Z,1258.139050,1258.141094,error,[Errno 104] Connection reset by peer,0.050
211,2026-09-28T21:12:57.410Z,1258.191555,1258.194040,error,[Errno 104] Connection reset by peer,0.050
212,2026-09-28T21:12:57.464Z,1258.245019,1258.309821,error,[Errno 104] Connection reset by peer,0.050
213,2026-09-28T21:12:57.580Z,1258.361139,1258.365078,error,[Errno 104] Connection reset by peer,0.050
214,2026-09-28T21:12:57.635Z,1258.416208,1258.422715,error,[Errno 104] Connection reset by peer,0.050
215,2026-09-28T21:12:57.692Z,1258.472904,1258.481940,error,[Errno 104] Connection reset by peer,0.050
216,2026-09-28T21:12:57.751Z,1258.532539,1258.537585,error,[Errno 104] Connection reset by peer,0.050
217,2026-09-28T21:12:57.807Z,1258.587995,1258.590069,error,[Errno 104] Connection reset by peer,0.050
218,2026-09-28T21:12:57.860Z,1258.640872,1258.645544,error,[Errno 104] Connection reset by peer,0.050
219,2026-09-28T21:12:57.914Z,1258.695822,1258.701801,error,[Errno 104] Connection reset by peer,0.050
220,2026-09-28T21:12:57.972Z,1258.753099,1258.756564,error,[Errno 104] Connection reset by peer,0.050
221,2026-09-28T21:12:58.026Z,1258.807715,1258.809756,error,[Errno 104] Connection reset by peer,0.050
222,2026-09-28T21:12:58.079Z,1258.860218,1258.865049,error,[Errno 104] Connection reset by peer,0.050
223,2026-09-28T21:12:58.135Z,1258.916328,1258.918277,error,[Errno 104] Connection reset by peer,0.050
224,2026-09-28T21:12:58.188Z,1258.969272,1258.973692,error,[Errno 104] Connection reset by peer,0.050
225,2026-09-28T21:12:58.243Z,1259.023928,1259.029492,error,[Errno 104] Connection reset by peer,0.050
226,2026-09-28T21:12:58.300Z,1259.080969,1259.083071,error,[Errno 104] Connection reset by peer,0.050
227,2026-09-28T21:12:58.352Z,1259.133260,1259.137971,error,[Errno 104] Connection reset by peer,0.050
228,2026-09-28T21:12:58.407Z,1259.188337,1259.190103,error,[Errno 104] Connection reset by peer,0.050
229,2026-09-28T21:12:58.459Z,1259.240505,1259.242223,error,[Errno 104] Connection reset by peer,0.050
230,2026-09-28T21:12:58.511Z,1259.292637,1259.294708,error,[Errno 104] Connection reset by peer,0.050
231,2026-09-28T21:12:58.564Z,1259.345170,1259.347053,error,[Errno 104] Connection reset by peer,0.050
232,2026-09-28T21:12:58.616Z,1259.397590,1259.401536,error,[Errno 104] Connection reset by peer,0.050
233,2026-09-28T21:12:58.670Z,1259.451744,1259.454130,error,[Errno 104] Connection reset by peer,0.050
234,2026-09-28T21:12:58.723Z,1259.504424,1259.506286,error,[Errno 104] Connection reset by peer,0.050
235,2026-09-28T21:12:58.776Z,1259.557790,1259.560035,error,[Errno 104] Connection reset by peer,0.050
236,2026-09-28T21:12:58.830Z,1259.610930,1259.613265,error,[Errno 104] Connection reset by peer,0.050
237,2026-09-28T21:12:58.884Z,1259.664905,1259.666789,error,[Errno 104] Connection reset by peer,0.050
238,2026-09-28T21:12:58.936Z,1259.717296,1259.721988,error,[Errno 104] Connection reset by peer,0.050
239,2026-09-28T21:12:58.991Z,1259.772368,1259.780728,error,[Errno 104] Connection reset by peer,0.050
240,2026-09-28T21:12:59.050Z,1259.831146,1259.838323,error,[Errno 104] Connection reset by peer,0.050
241,2026-09-28T21:12:59.107Z,1259.888581,1259.890474,error,[Errno 104] Connection reset by peer,0.050
242,2026-09-28T21:12:59.159Z,1259.940750,1259.942661,error,[Errno 104] Connection reset by peer,0.050
243,2026-09-28T21:12:59.212Z,1259.993003,1260.009265,error,[Errno 104] Connection reset by peer,0.050
244,2026-09-28T21:12:59.278Z,1260.059807,1260.064479,error,[Errno 104] Connection reset by peer,0.050
245,2026-09-28T21:12:59.333Z,1260.114737,1260.116859,error,[Errno 104] Connection reset by peer,0.050
246,2026-09-28T21:12:59.386Z,1260.167175,1260.170367,error,[Errno 104] Connection reset by peer,0.050
247,2026-09-28T21:12:59.439Z,1260.220506,1260.224845,error,[Errno 104] Connection reset by peer,0.050
248,2026-09-28T21:12:59.494Z,1260.275341,1260.278170,error,[Errno 104] Connection reset by peer,0.050
249,2026-09-28T21:12:59.547Z,1260.328303,1260.330008,error,[Errno 104] Connection reset by peer,0.050
250,2026-09-28T21:12:59.599Z,1260.380156,1263.487530,error,Remote end closed connection without response,0.050
251,2026-09-28T21:13:02.756Z,1263.537717,1263.587252,error,Remote end closed connection without response,0.050
252,2026-09-28T21:13:02.856Z,1263.637708,1263.646950,error,Remote end closed connection without response,0.050
253,2026-09-28T21:13:02.916Z,1263.697286,1263.702931,error,Remote end closed connection without response,0.050
254,2026-09-28T21:13:02.972Z,1263.753457,1263.767884,error,Remote end closed connection without response,0.050
255,2026-09-28T21:13:03.037Z,1263.818092,1263.826100,error,Remote end closed connection without response,0.050
256,2026-09-28T21:13:03.095Z,1263.876427,1263.881334,error,Remote end closed connection without response,0.050
257,2026-09-28T21:13:03.150Z,1263.931584,1263.938267,error,Remote end closed connection without response,0.050
258,2026-09-28T21:13:03.207Z,1263.988741,1263.994320,error,Remote end closed connection without response,0.050
259,2026-09-28T21:13:03.263Z,1264.044529,1264.053653,error,Remote end closed connection without response,0.050
260,2026-09-28T21:13:03.323Z,1264.104177,1264.126769,error,Remote end closed connection without response,0.050
261,2026-09-28T21:13:03.396Z,1264.177344,1264.184050,error,Remote end closed connection without response,0.050
262,2026-09-28T21:13:03.453Z,1264.234414,1264.247497,error,Remote end closed connection without response,0.050
263,2026-09-28T21:13:03.517Z,1264.297917,1264.308745,error,Remote end closed connection without response,0.050
264,2026-09-28T21:13:03.578Z,1264.359133,1264.364223,error,Remote end closed connection without response,0.050
265,2026-09-28T21:13:03.633Z,1264.414493,1264.420826,error,Remote end closed connection without response,0.050
266,2026-09-28T21:13:03.691Z,1264.472103,1264.477771,error,Remote end closed connection without response,0.050
267,2026-09-28T21:13:03.748Z,1264.529248,1264.537158,error,Remote end closed connection without response,0.050
268,2026-09-28T21:13:03.807Z,1264.588274,1264.597457,error,Remote end closed connection without response,0.050
269,2026-09-28T21:13:03.868Z,1264.648924,1264.655541,error,Remote end closed connection without response,0.050
270,2026-09-28T21:13:03.926Z,1264.707276,1264.722646,error,Remote end closed connection without response,0.050
271,2026-09-28T21:13:03.992Z,1264.773663,1264.781156,error,Remote end closed connection without response,0.050
272,2026-09-28T21:13:04.051Z,1264.832452,1264.838732,error,Remote end closed connection without response,0.050
273,2026-09-28T21:13:04.109Z,1264.889910,1264.900343,error,Remote end closed connection without response,0.050
274,2026-09-28T21:13:04.170Z,1264.951595,1264.960721,error,Remote end closed connection without response,0.050
275,2026-09-28T21:13:04.231Z,1265.012340,1265.018817,error,Remote end closed connection without response,0.050
276,2026-09-28T21:13:04.289Z,1265.070007,1265.078668,error,Remote end closed connection without response,0.050
277,2026-09-28T21:13:04.348Z,1265.129662,1265.134260,error,Remote end closed connection without response,0.050
278,2026-09-28T21:13:04.404Z,1265.185130,1265.190614,error,Remote end closed connection without response,0.050
279,2026-09-28T21:13:04.460Z,1265.241792,1265.246546,error,Remote end closed connection without response,0.050
280,2026-09-28T21:13:04.517Z,1265.298233,1265.302575,error,Remote end closed connection without response,0.050
281,2026-09-28T21:13:04.573Z,1265.353916,1265.359931,error,Remote end closed connection without response,0.050
282,2026-09-28T21:13:04.629Z,1265.410823,1265.416432,error,Remote end closed connection without response,0.050
283,2026-09-28T21:13:04.686Z,1265.467510,1265.473965,error,Remote end closed connection without response,0.050
284,2026-09-28T21:13:04.743Z,1265.524799,1265.540476,error,Remote end closed connection without response,0.050
285,2026-09-28T21:13:04.810Z,1265.591400,1265.597545,error,Remote end closed connection without response,0.050
286,2026-09-28T21:13:04.867Z,1265.648684,1265.659216,error,Remote end closed connection without response,0.050
287,2026-09-28T21:13:04.929Z,1265.710085,1265.717582,error,Remote end closed connection without response,0.050
288,2026-09-28T21:13:04.987Z,1265.768071,1265.773761,error,Remote end closed connection without response,0.050
289,2026-09-28T21:13:05.044Z,1265.825091,1265.832481,error,Remote end closed connection without response,0.050
290,2026-09-28T21:13:05.102Z,1265.883404,1265.892583,error,Remote end closed connection without response,0.050
291,2026-09-28T21:13:05.162Z,1265.943740,1265.950467,error,Remote end closed connection without response,0.050
292,2026-09-28T21:13:05.220Z,1266.001329,1266.006074,error,Remote end closed connection without response,0.050
293,2026-09-28T21:13:05.276Z,1266.057066,1266.075478,error,Remote end closed connection without response,0.050
294,2026-09-28T21:13:05.344Z,1266.125840,1266.139826,error,Remote end closed connection without response,0.050
295,2026-09-28T21:13:05.410Z,1266.190875,1266.195268,error,Remote end closed connection without response,0.050
296,2026-09-28T21:13:05.465Z,1266.246452,1266.257532,error,Remote end closed connection without response,0.050
297,2026-09-28T21:13:05.527Z,1266.308296,1266.312472,error,Remote end closed connection without response,0.050
298,2026-09-28T21:13:05.582Z,1266.363726,1266.368048,error,Remote end closed connection without response,0.050
299,2026-09-28T21:13:05.639Z,1266.419992,1266.425558,error,Remote end closed connection without response,0.050
300,2026-09-28T21:13:05.695Z,1266.476692,1266.485370,error,Remote end closed connection without response,0.050
301,2026-09-28T21:13:05.755Z,1266.536152,1266.542230,error,Remote end closed connection without response,0.050
302,2026-09-28T21:13:05.813Z,1266.594087,1266.604902,error,Remote end closed connection without response,0.050
303,2026-09-28T21:13:05.874Z,1266.655490,1266.661768,error,Remote end closed connection without response,0.050
304,2026-09-28T21:13:05.932Z,1266.713086,1266.718531,error,Remote end closed connection without response,0.050
305,2026-09-28T21:13:05.989Z,1266.769876,1266.775020,error,Remote end closed connection without response,0.050
306,2026-09-28T21:13:06.045Z,1266.826556,1266.833402,error,Remote end closed connection without response,0.050
307,2026-09-28T21:13:06.103Z,1266.884030,1266.889618,error,Remote end closed connection without response,0.050
308,2026-09-28T21:13:06.159Z,1266.940687,1266.947076,error,Remote end closed connection without response,0.050
309,2026-09-28T21:13:06.218Z,1266.999006,1267.006184,error,Remote end closed connection without response,0.050
310,2026-09-28T21:13:06.276Z,1267.057296,1267.063103,error,Remote end closed connection without response,0.050
311,2026-09-28T21:13:06.334Z,1267.115039,1267.125008,error,Remote end closed connection without response,0.050
312,2026-09-28T21:13:06.395Z,1267.176066,1267.183109,error,Remote end closed connection without response,0.050
313,2026-09-28T21:13:06.454Z,1267.235041,1267.240612,error,Remote end closed connection without response,0.050
314,2026-09-28T21:13:06.511Z,1267.292039,1267.300093,error,Remote end closed connection without response,0.050
315,2026-09-28T21:13:06.570Z,1267.351490,1267.356366,error,Remote end closed connection without response,0.050
316,2026-09-28T21:13:06.626Z,1267.407390,1267.417856,error,Remote end closed connection without response,0.050
317,2026-09-28T21:13:06.688Z,1267.469359,1267.477949,error,Remote end closed connection without response,0.050
318,2026-09-28T21:13:06.747Z,1267.528308,1267.541189,error,Remote end closed connection without response,0.050
319,2026-09-28T21:13:06.811Z,1267.592255,1267.596790,error,Remote end closed connection without response,0.050
320,2026-09-28T21:13:06.866Z,1267.647444,1267.658361,error,Remote end closed connection without response,0.050
321,2026-09-28T21:13:06.929Z,1267.710071,1267.716384,error,Remote end closed connection without response,0.050
322,2026-09-28T21:13:06.986Z,1267.767595,1267.774749,error,Remote end closed connection without response,0.050
323,2026-09-28T21:13:07.044Z,1267.824922,1267.832904,error,Remote end closed connection without response,0.050
324,2026-09-28T21:13:07.102Z,1267.883311,1267.906704,error,Remote end closed connection without response,0.050
325,2026-09-28T21:13:07.176Z,1267.957194,1267.961423,error,Remote end closed connection without response,0.050
326,2026-09-28T21:13:07.231Z,1268.011923,1268.025941,error,Remote end closed connection without response,0.050
327,2026-09-28T21:13:07.295Z,1268.076092,1268.082519,error,Remote end closed connection without response,0.050
328,2026-09-28T21:13:07.352Z,1268.132950,1268.140515,error,Remote end closed connection without response,0.050
329,2026-09-28T21:13:07.409Z,1268.190711,1268.202583,error,Remote end closed connection without response,0.050
330,2026-09-28T21:13:07.471Z,1268.252769,1268.261608,error,Remote end closed connection without response,0.050
331,2026-09-28T21:13:07.531Z,1268.312167,1268.326436,error,Remote end closed connection without response,0.050
332,2026-09-28T21:13:07.595Z,1268.376601,1268.388636,error,Remote end closed connection without response,0.050
333,2026-09-28T21:13:07.658Z,1268.438949,1268.458067,error,Remote end closed connection without response,0.050
334,2026-09-28T21:13:07.727Z,1268.508610,1268.521500,error,Remote end closed connection without response,0.050
335,2026-09-28T21:13:07.791Z,1268.572130,1268.582567,error,Remote end closed connection without response,0.050
336,2026-09-28T21:13:07.852Z,1268.633074,1268.644125,error,Remote end closed connection without response,0.050
337,2026-09-28T21:13:07.914Z,1268.694881,1268.702415,error,Remote end closed connection without response,0.050
338,2026-09-28T21:13:07.972Z,1268.753752,1268.765582,error,Remote end closed connection without response,0.050
339,2026-09-28T21:13:08.035Z,1268.816862,1268.829014,error,Remote end closed connection without response,0.050
340,2026-09-28T21:13:08.098Z,1268.879311,1268.885949,error,Remote end closed connection without response,0.050
341,2026-09-28T21:13:08.155Z,1268.936530,1268.954778,error,Remote end closed connection without response,0.050
342,2026-09-28T21:13:08.224Z,1269.005200,1269.020267,error,Remote end closed connection without response,0.050
343,2026-09-28T21:13:08.289Z,1269.070360,1269.080605,error,Remote end closed connection without response,0.050
344,2026-09-28T21:13:08.350Z,1269.131095,1269.144276,error,Remote end closed connection without response,0.050
345,2026-09-28T21:13:08.414Z,1269.194919,1269.204792,error,Remote end closed connection without response,0.050
346,2026-09-28T21:13:08.474Z,1269.255368,1269.261997,error,Remote end closed connection without response,0.050
347,2026-09-28T21:13:08.531Z,1269.312359,1269.321656,error,Remote end closed connection without response,0.050
348,2026-09-28T21:13:08.591Z,1269.371935,1269.387413,error,Remote end closed connection without response,0.050
349,2026-09-28T21:13:08.657Z,1269.437888,1269.444905,error,Remote end closed connection without response,0.050
350,2026-09-28T21:13:08.714Z,1269.495159,1269.509442,error,Remote end closed connection without response,0.050
351,2026-09-28T21:13:08.778Z,1269.559815,1269.566085,error,Remote end closed connection without response,0.050
352,2026-09-28T21:13:08.835Z,1269.616621,1269.624895,error,Remote end closed connection without response,0.050
353,2026-09-28T21:13:08.894Z,1269.675339,1269.681767,error,Remote end closed connection without response,0.050
354,2026-09-28T21:13:08.951Z,1269.731986,1269.740420,error,Remote end closed connection without response,0.050
355,2026-09-28T21:13:09.010Z,1269.790905,1269.796716,error,Remote end closed connection without response,0.050
356,2026-09-28T21:13:09.066Z,1269.846926,1269.877945,error,Remote end closed connection without response,0.050
357,2026-09-28T21:13:09.147Z,1269.928601,1269.940111,error,Remote end closed connection without response,0.050
358,2026-09-28T21:13:09.210Z,1269.991310,1269.999686,error,Remote end closed connection without response,0.050
359,2026-09-28T21:13:09.270Z,1270.051666,1270.059987,error,Remote end closed connection without response,0.050
360,2026-09-28T21:13:09.330Z,1270.111828,1270.116943,error,Remote end closed connection without response,0.050
361,2026-09-28T21:13:09.387Z,1270.167997,1270.175295,error,Remote end closed connection without response,0.050
362,2026-09-28T21:13:09.446Z,1270.227058,1270.236483,error,Remote end closed connection without response,0.050
363,2026-09-28T21:13:09.507Z,1270.287951,1270.292963,error,Remote end closed connection without response,0.050
364,2026-09-28T21:13:09.563Z,1270.344040,1270.352100,error,Remote end closed connection without response,0.050
365,2026-09-28T21:13:09.622Z,1270.403109,1270.408224,error,Remote end closed connection without response,0.050
366,2026-09-28T21:13:09.678Z,1270.459240,1270.465130,error,Remote end closed connection without response,0.050
367,2026-09-28T21:13:09.734Z,1270.515362,1270.520127,error,Remote end closed connection without response,0.050
368,2026-09-28T21:13:09.791Z,1270.571927,1270.581041,error,Remote end closed connection without response,0.050
369,2026-09-28T21:13:09.851Z,1270.632501,1270.639384,error,Remote end closed connection without response,0.050
370,2026-09-28T21:13:09.910Z,1270.691131,1270.696826,error,Remote end closed connection without response,0.050
371,2026-09-28T21:13:09.967Z,1270.748659,1270.754787,error,Remote end closed connection without response,0.050
372,2026-09-28T21:13:10.025Z,1270.805951,1270.810583,error,Remote end closed connection without response,0.050
373,2026-09-28T21:13:10.081Z,1270.862500,1270.870487,error,Remote end closed connection without response,0.050
374,2026-09-28T21:13:10.140Z,1270.921604,1270.928657,error,Remote end closed connection without response,0.050
375,2026-09-28T21:13:10.198Z,1270.979688,1270.984491,error,Remote end closed connection without response,0.050
376,2026-09-28T21:13:10.254Z,1271.035518,1271.040577,error,Remote end closed connection without response,0.050
377,2026-09-28T21:13:10.310Z,1271.091404,1271.096351,error,Remote end closed connection without response,0.050
378,2026-09-28T21:13:10.367Z,1271.148149,1271.152664,error,Remote end closed connection without response,0.050
379,2026-09-28T21:13:10.423Z,1271.204083,1271.209602,error,Remote end closed connection without response,0.050
380,2026-09-28T21:13:10.479Z,1271.260216,1271.269870,error,Remote end closed connection without response,0.050
381,2026-09-28T21:13:10.539Z,1271.320415,1271.325521,error,Remote end closed connection without response,0.050
382,2026-09-28T21:13:10.594Z,1271.375752,1271.380804,error,Remote end closed connection without response,0.050
383,2026-09-28T21:13:10.650Z,1271.431185,1271.437519,error,Remote end closed connection without response,0.050
384,2026-09-28T21:13:10.706Z,1271.487863,1271.492429,error,Remote end closed connection without response,0.050
385,2026-09-28T21:13:10.762Z,1271.543062,1271.553224,error,Remote end closed connection without response,0.050
386,2026-09-28T21:13:10.823Z,1271.604419,1271.609386,error,Remote end closed connection without response,0.050
387,2026-09-28T21:13:10.880Z,1271.661243,1271.665789,error,Remote end closed connection without response,0.050
388,2026-09-28T21:13:10.935Z,1271.715942,1271.722311,error,Remote end closed connection without response,0.050
389,2026-09-28T21:13:10.991Z,1271.772459,1271.779188,error,Remote end closed connection without response,0.050
390,2026-09-28T21:13:11.048Z,1271.829409,1271.836660,error,Remote end closed connection without response,0.050
391,2026-09-28T21:13:11.107Z,1271.888120,1271.896504,error,Remote end closed connection without response,0.050
392,2026-09-28T21:13:11.166Z,1271.947039,1271.957082,error,Remote end closed connection without response,0.050
393,2026-09-28T21:13:11.226Z,1272.007769,1272.015051,error,Remote end closed connection without response,0.050
394,2026-09-28T21:13:11.285Z,1272.066463,1272.077020,error,Remote end closed connection without response,0.050
395,2026-09-28T21:13:11.347Z,1272.128137,1272.133823,error,Remote end closed connection without response,0.050
396,2026-09-28T21:13:11.404Z,1272.185101,1272.190494,error,Remote end closed connection without response,0.050
397,2026-09-28T21:13:11.460Z,1272.241291,1272.247173,error,Remote end closed connection without response,0.050
398,2026-09-28T21:13:11.516Z,1272.297469,1272.303329,error,Remote end closed connection without response,0.050
399,2026-09-28T21:13:11.572Z,1272.353809,1272.360802,error,Remote end closed connection without response,0.050
400,2026-09-28T21:13:11.630Z,1272.411061,1272.417237,error,Remote end closed connection without response,0.050
401,2026-09-28T21:13:11.686Z,1272.467768,1272.475166,error,Remote end closed connection without response,0.050
402,2026-09-28T21:13:11.744Z,1272.525335,1272.531505,error,Remote end closed connection without response,0.050
403,2026-09-28T21:13:11.801Z,1272.582050,1272.590228,error,Remote end closed connection without response,0.050
404,2026-09-28T21:13:11.859Z,1272.640629,1272.647304,error,Remote end closed connection without response,0.050
405,2026-09-28T21:13:11.916Z,1272.697449,1272.704153,error,Remote end closed connection without response,0.050
406,2026-09-28T21:13:11.973Z,1272.754525,1272.760490,error,Remote end closed connection without response,0.050
407,2026-09-28T21:13:12.030Z,1272.811133,1272.819036,error,Remote end closed connection without response,0.050
408,2026-09-28T21:13:12.090Z,1272.870989,1272.881952,error,Remote end closed connection without response,0.050
409,2026-09-28T21:13:12.151Z,1272.932647,1272.942373,error,Remote end closed connection without response,0.050
410,2026-09-28T21:13:12.212Z,1272.993053,1273.001070,error,Remote end closed connection without response,0.050
411,2026-09-28T21:13:12.271Z,1273.052526,1273.061223,error,Remote end closed connection without response,0.050
412,2026-09-28T21:13:12.331Z,1273.112297,1273.117578,error,Remote end closed connection without response,0.050
413,2026-09-28T21:13:12.387Z,1273.168236,1273.172435,error,Remote end closed connection without response,0.050
414,2026-09-28T21:13:12.442Z,1273.223469,1273.228435,error,Remote end closed connection without response,0.050
415,2026-09-28T21:13:12.497Z,1273.278682,1273.283164,error,Remote end closed connection without response,0.050
416,2026-09-28T21:13:12.552Z,1273.333717,1273.338012,error,Remote end closed connection without response,0.050
417,2026-09-28T21:13:12.607Z,1273.388241,1273.424123,error,Remote end closed connection without response,0.050
418,2026-09-28T21:13:12.693Z,1273.474396,1273.480283,error,Remote end closed connection without response,0.050
419,2026-09-28T21:13:12.749Z,1273.530515,1273.535226,error,Remote end closed connection without response,0.050
420,2026-09-28T21:13:12.805Z,1273.585992,1273.590000,error,Remote end closed connection without response,0.050
421,2026-09-28T21:13:12.860Z,1273.640958,1273.645858,error,Remote end closed connection without response,0.050
422,2026-09-28T21:13:12.916Z,1273.697099,1273.701113,error,Remote end closed connection without response,0.050
423,2026-09-28T21:13:12.971Z,1273.752159,1273.755945,error,Remote end closed connection without response,0.050
424,2026-09-28T21:13:13.026Z,1273.807663,1273.811537,error,Remote end closed connection without response,0.050
425,2026-09-28T21:13:13.082Z,1273.863311,1273.869816,error,Remote end closed connection without response,0.050
426,2026-09-28T21:13:13.140Z,1273.921309,1273.926503,error,Remote end closed connection without response,0.050
427,2026-09-28T21:13:13.195Z,1273.976669,1273.998415,error,Remote end closed connection without response,0.050
428,2026-09-28T21:13:13.268Z,1274.049628,1274.054580,error,Remote end closed connection without response,0.050
429,2026-09-28T21:13:13.325Z,1274.106095,1274.110376,error,Remote end closed connection without response,0.050
430,2026-09-28T21:13:13.380Z,1274.161490,1274.165517,error,Remote end closed connection without response,0.050
431,2026-09-28T21:13:13.435Z,1274.216203,1274.220641,error,Remote end closed connection without response,0.050
432,2026-09-28T21:13:13.490Z,1274.271864,1274.277272,error,Remote end closed connection without response,0.050
433,2026-09-28T21:13:13.548Z,1274.329136,1274.333362,error,Remote end closed connection without response,0.050
434,2026-09-28T21:13:13.602Z,1274.383697,1274.392627,error,Remote end closed connection without response,0.050
435,2026-09-28T21:13:13.662Z,1274.443398,1274.447525,error,Remote end closed connection without response,0.050
436,2026-09-28T21:13:13.717Z,1274.498489,1274.502882,error,Remote end closed connection without response,0.050
437,2026-09-28T21:13:13.772Z,1274.553438,1274.558472,error,Remote end closed connection without response,0.050
438,2026-09-28T21:13:13.828Z,1274.609591,1274.614120,error,Remote end closed connection without response,0.050
439,2026-09-28T21:13:13.884Z,1274.665217,1274.670345,error,Remote end closed connection without response,0.050
440,2026-09-28T21:13:13.940Z,1274.721268,1274.729218,error,Remote end closed connection without response,0.050
441,2026-09-28T21:13:14.000Z,1274.781079,1274.790149,error,Remote end closed connection without response,0.050
442,2026-09-28T21:13:14.059Z,1274.840626,1274.845414,error,Remote end closed connection without response,0.050
443,2026-09-28T21:13:14.115Z,1274.896095,1274.903758,error,Remote end closed connection without response,0.050
444,2026-09-28T21:13:14.173Z,1274.954841,1274.964657,error,Remote end closed connection without response,0.050
445,2026-09-28T21:13:14.234Z,1275.014881,1275.029056,error,Remote end closed connection without response,0.050
446,2026-09-28T21:13:14.298Z,1275.079380,1275.086504,error,Remote end closed connection without response,0.050
447,2026-09-28T21:13:14.355Z,1275.136667,1275.141606,error,Remote end closed connection without response,0.050
448,2026-09-28T21:13:14.411Z,1275.191964,1275.200159,error,Remote end closed connection without response,0.050
449,2026-09-28T21:13:14.469Z,1275.250855,1275.259345,error,Remote end closed connection without response,0.050
450,2026-09-28T21:13:14.529Z,1275.310450,1275.318446,error,Remote end closed connection without response,0.050
451,2026-09-28T21:13:14.588Z,1275.369798,1275.375408,error,Remote end closed connection without response,0.050
452,2026-09-28T21:13:14.645Z,1275.426782,1275.434429,error,Remote end closed connection without response,0.050
453,2026-09-28T21:13:14.705Z,1275.486112,1275.490845,error,Remote end closed connection without response,0.050
454,2026-09-28T21:13:14.760Z,1275.541019,1275.671578,ok,,0.869
455,2026-09-28T21:13:15.760Z,1276.541189,1276.565521,ok,,0.976
456,2026-09-28T21:13:16.783Z,1277.564340,1277.591164,ok,,0.973
457,2026-09-28T21:13:17.783Z,1278.564513,1278.586156,ok,,0.978
458,2026-09-28T21:13:18.783Z,1279.564858,1279.589159,ok,,0.976
459,2026-09-28T21:13:19.784Z,1280.565254,1280.581589,ok,,0.984
460,2026-09-28T21:13:20.784Z,1281.565466,1281.587622,ok,,0.978
461,2026-09-28T21:13:21.784Z,1282.565667,1282.591434,ok,,0.974
462,2026-09-28T21:13:22.784Z,1283.565872,1283.587783,ok,,0.978
463,2026-09-28T21:13:23.785Z,1284.566111,1284.583175,ok,,0.983
464,2026-09-28T21:13:23.420Z,1285.566340,1285.587369,ok,,0.979
465,2026-09-28T21:13:24.421Z,1286.566583,1286.602590,ok,,0.964
466,2026-09-28T21:13:25.421Z,1287.566831,1287.738305,ok,,0.829
467,2026-09-28T21:13:26.422Z,1288.567544,1288.594401,ok,,0.973
468,2026-09-28T21:13:27.424Z,1289.569426,1289.609004,ok,,0.960
469,2026-09-28T21:13:28.424Z,1290.569651,1290.596886,ok,,0.973
470,2026-09-28T21:13:29.449Z,1291.595268,1291.625928,ok,,0.969
471,2026-09-28T21:13:30.469Z,1292.615318,1292.630013,ok,,0.985
472,2026-09-28T21:13:31.498Z,1293.644055,1293.674710,ok,,0.969
473,2026-09-28T21:13:32.498Z,1294.644231,1294.669294,ok,,0.975
474,2026-09-28T21:13:33.503Z,1295.648633,1295.687470,ok,,0.961
475,2026-09-28T21:13:34.507Z,1296.652854,1296.681779,ok,,0.971
476,2026-09-28T21:13:35.509Z,1297.654520,1297.689087,ok,,0.965
477,2026-09-28T21:13:36.511Z,1298.656853,1298.677743,ok,,0.979
478,2026-09-28T21:13:37.512Z,1299.658296,1299.689448,ok,,0.969
479,2026-09-28T21:13:38.513Z,1300.658542,1300.688556,ok,,0.970
480,2026-09-28T21:13:39.528Z,1301.673417,1301.695276,ok,,0.978
481,2026-09-28T21:13:40.537Z,1302.682664,1302.702663,ok,,0.980
482,2026-09-28T21:13:41.539Z,1303.684916,1303.704485,ok,,0.980
483,2026-09-28T21:13:42.544Z,1304.689585,1304.725948,ok,,0.964
484,2026-09-28T21:13:43.555Z,1305.701296,1305.729491,ok,,0.972
485,2026-09-28T21:13:44.561Z,1306.706939,1306.743433,ok,,0.964
486,2026-09-28T21:13:45.571Z,1307.717011,1307.854719,ok,,0.862
487,2026-09-28T21:13:46.581Z,1308.726440,1308.756930,ok,,0.970
488,2026-09-28T21:13:47.582Z,1309.728095,1309.747003,ok,,0.981
489,2026-09-28T21:13:48.586Z,1310.732248,1310.760401,ok,,0.972
490,2026-09-28T21:13:49.592Z,1311.738048,1311.780673,ok,,0.957
491,2026-09-28T21:13:50.597Z,1312.743242,1312.785970,ok,,0.957
492,2026-09-28T21:13:51.602Z,1313.747652,1313.778074,ok,,0.970
493,2026-09-28T21:13:52.605Z,1314.751035,1314.775521,ok,,0.976
494,2026-09-28T21:13:53.608Z,1315.753703,1315.778020,ok,,0.976
495,2026-09-28T21:13:54.609Z,1316.755299,1316.776232,ok,,0.979
496,2026-09-28T21:13:54.255Z,1317.756241,1317.797398,ok,,0.959
497,2026-09-28T21:13:55.263Z,1318.763842,1318.793487,ok,,0.970
498,2026-09-28T21:13:56.268Z,1319.769052,1319.794375,ok,,0.975
499,2026-09-28T21:13:57.271Z,1320.772361,1320.791543,ok,,0.981
500,2026-09-28T21:13:58.273Z,1321.773562,1321.795737,ok,,0.978
501,2026-09-28T21:13:59.275Z,1322.775766,1322.796814,ok,,0.979
502,2026-09-28T21:14:00.278Z,1323.779181,1323.815537,ok,,0.964
503,2026-09-28T21:14:01.279Z,1324.779674,1324.797763,ok,,0.982
504,2026-09-28T21:14:02.279Z,1325.779970,1325.808463,ok,,0.972
505,2026-09-28T21:14:03.279Z,1326.780378,1326.815004,ok,,0.965
506,2026-09-28T21:14:04.280Z,1327.780897,1327.816829,ok,,0.964
507,2026-09-28T21:14:05.281Z,1328.781558,1328.814416,ok,,0.967
508,2026-09-28T21:14:06.281Z,1329.781774,1329.849051,ok,,0.933
509,2026-09-28T21:14:07.282Z,1330.782790,1330.813603,ok,,0.969
510,2026-09-28T21:14:08.285Z,1331.785778,1331.825160,ok,,0.961
511,2026-09-28T21:14:09.285Z,1332.786198,1332.857503,ok,,0.929
512,2026-09-28T21:14:10.286Z,1333.786605,1333.814237,ok,,0.972
513,2026-09-28T21:14:11.286Z,1334.786873,1334.804904,ok,,0.982
514,2026-09-28T21:14:12.286Z,1335.787057,1335.957994,ok,,0.829
515,2026-09-28T21:14:13.287Z,1336.787532,1336.800823,ok,,0.987
516,2026-09-28T21:14:14.287Z,1337.788050,1337.848472,ok,,0.940
517,2026-09-28T21:14:15.287Z,1338.788218,1338.803006,ok,,0.985
518,2026-09-28T21:14:16.290Z,1339.790880,1339.806265,ok,,0.985
519,2026-09-28T21:14:17.290Z,1340.791204,1340.807583,ok,,0.984
520,2026-09-28T21:14:18.291Z,1341.792257,1341.805335,ok,,0.987
521,2026-09-28T21:14:19.292Z,1342.793214,1342.811411,ok,,0.982
522,2026-09-28T21:14:20.293Z,1343.793643,1343.806787,ok,,0.987
523,2026-09-28T21:14:21.294Z,1344.795172,1344.821677,ok,,0.973
524,2026-09-28T21:14:22.295Z,1345.795651,1345.810655,ok,,0.985
525,2026-09-28T21:14:23.296Z,1346.797115,1346.818595,ok,,0.979
526,2026-09-28T21:14:24.299Z,1347.800311,1347.815025,ok,,0.985
527,2026-09-28T21:14:25.301Z,1348.801614,1348.822540,ok,,0.979
528,2026-09-28T21:14:24.903Z,1349.801955,1349.825357,ok,,0.977
529,2026-09-28T21:14:25.903Z,1350.802133,1350.822609,ok,,0.980
530,2026-09-28T21:14:26.903Z,1351.802577,1351.818026,ok,,0.985
531,2026-09-28T21:14:27.904Z,1352.802931,1352.831634,ok,,0.971
532,2026-09-28T21:14:28.904Z,1353.803191,1353.817876,ok,,0.985
533,2026-09-28T21:14:29.905Z,1354.804241,1354.820160,ok,,0.984
534,2026-09-28T21:14:30.923Z,1355.821819,1355.839584,ok,,0.982
535,2026-09-28T21:14:31.927Z,1356.826279,1356.844660,ok,,0.982
536,2026-09-28T21:14:32.934Z,1357.832850,1357.873834,ok,,0.959
537,2026-09-28T21:14:33.938Z,1358.837512,1358.857265,ok,,0.980
538,2026-09-28T21:14:34.949Z,1359.848203,1359.895188,ok,,0.953
539,2026-09-28T21:14:35.951Z,1360.849962,1360.867728,ok,,0.982
540,2026-09-28T21:14:36.987Z,1361.885662,1361.906572,ok,,0.979
541,2026-09-28T21:14:37.989Z,1362.887937,1362.910451,ok,,0.977
542,2026-09-28T21:14:38.989Z,1363.888125,1363.914243,ok,,0.974
543,2026-09-28T21:14:40.027Z,1364.926425,1364.966404,ok,,0.960
544,2026-09-28T21:14:41.050Z,1365.949229,1366.144496,ok,,0.805
545,2026-09-28T21:14:42.065Z,1366.963771,1367.017841,ok,,0.946
546,2026-09-28T21:14:43.083Z,1367.981661,1368.024256,ok,,0.957
547,2026-09-28T21:14:44.083Z,1368.981894,1369.205500,ok,,0.776
548,2026-09-28T21:14:45.113Z,1370.012533,1370.050423,ok,,0.962
549,2026-09-28T21:14:46.122Z,1371.021152,1371.048586,ok,,0.973
550,2026-09-28T21:14:47.125Z,1372.024058,1372.043572,ok,,0.980
551,2026-09-28T21:14:48.128Z,1373.027091,1373.049560,ok,,0.978
552,2026-09-28T21:14:49.129Z,1374.028490,1374.059431,ok,,0.969
553,2026-09-28T21:14:50.133Z,1375.031691,1375.050611,ok,,0.981
554,2026-09-28T21:14:51.136Z,1376.034703,1376.060219,ok,,0.974
555,2026-09-28T21:14:52.137Z,1377.035737,1377.066030,ok,,0.970
556,2026-09-28T21:14:53.137Z,1378.036067,1378.101014,ok,,0.935
557,2026-09-28T21:14:54.137Z,1379.036436,1379.064910,ok,,0.972
558,2026-09-28T21:14:55.138Z,1380.037019,1380.073829,ok,,0.963
559,2026-09-28T21:14:56.141Z,1381.039914,1381.074849,ok,,0.965
560,2026-09-28T21:14:55.757Z,1382.040251,1382.069468,ok,,0.971
561,2026-09-28T21:14:56.760Z,1383.042850,1383.065333,ok,,0.978
562,2026-09-28T21:14:57.769Z,1384.052237,1384.108907,ok,,0.943
563,2026-09-28T21:14:58.769Z,1385.052485,1385.091385,ok,,0.961
564,2026-09-28T21:14:59.770Z,1386.052974,1386.072544,ok,,0.980
565,2026-09-28T21:15:00.778Z,1387.061120,1387.093613,ok,,0.968
566,2026-09-28T21:15:01.778Z,1388.061294,1388.090254,ok,,0.971
567,2026-09-28T21:15:02.778Z,1389.061514,1389.087031,ok,,0.974
568,2026-09-28T21:15:03.779Z,1390.062492,1390.096804,ok,,0.966
569,2026-09-28T21:15:04.780Z,1391.062771,1391.093853,ok,,0.969
570,2026-09-28T21:15:05.782Z,1392.065406,1392.105117,ok,,0.960
571,2026-09-28T21:15:06.784Z,1393.067166,1393.090300,ok,,0.977
572,2026-09-28T21:15:07.786Z,1394.069434,1394.098550,ok,,0.971
573,2026-09-28T21:15:08.789Z,1395.071812,1395.125497,ok,,0.946
574,2026-09-28T21:15:09.791Z,1396.074140,1396.108584,ok,,0.966
575,2026-09-28T21:15:10.792Z,1397.074712,1397.113916,ok,,0.961
576,2026-09-28T21:15:11.793Z,1398.076368,1398.095990,ok,,0.980
577,2026-09-28T21:15:12.794Z,1399.077494,1399.129203,ok,,0.948
