study_id,query_id,origin,title,first_author,year,venue,doi_or_url,axis,stage,decision,criterion,dedup_of,verified_date,verified_via,bibkey,notes
S001,,known-source,Consumer-controlled digital twin architecture: How blockchain technology gives consumers control over their smart devices' digital twins and data,Pinto,2026,Blockchain: Research and Applications,10.1016/j.bcra.2025.100342,J,full_text,include,I2,,2026-08-13,Supplied full-text PDF EXT-001; SHA-256 de0d0591a4982d764402139293ed5d63f3b420ad180fbe46eb6f2b032f21a7c6; DOI metadata cross-checked,pinto2026c2dta,seed; full text verified from controlled source EXT-001; prior work of the C2DTA line anchoring this dissertation; version of record assigned to the June 2026 issue (online-first 2025)
S002,,known-source,Design Science in Information Systems Research,Hevner,2004,MIS Quarterly,10.2307/25148625,I,title_abstract,include,I1,,2026-08-07,Crossref API,hevner2004design,seed; DSR methodology classic used in Chapter 3; provisional inclusion for advisor draft; full-text pass pending under the registered protocol
S003,,known-source,A Design Science Research Methodology for Information Systems Research,Peffers,2007,Journal of Management Information Systems,10.2753/MIS0742-1222240302,I,title_abstract,include,I1,,2026-08-07,Crossref API,peffers2007design,seed; DSR process model used in Chapter 3; provisional inclusion for advisor draft
S004,,known-source,Web of Things (WoT) Thing Description 1.1,W3C,2023,W3C,https://www.w3.org/TR/wot-thing-description11/,G,full_text,include,I2,,2026-08-07,w3.org TR page,w3c2023wottd,known-primary-standard; W3C Recommendation of 5 December 2023
S005,,known-source,MQTT Version 5.0,OASIS,2019,OASIS,https://docs.oasis-open.org/mqtt/mqtt/v5.0/os/mqtt-v5.0-os.html,F,full_text,include,I2,,2026-08-07,OASIS document page,oasis2019mqtt,known-primary-standard; OASIS Standard of 7 March 2019
S006,,known-source,Eclipse Ditto: open source framework for digital twins in the IoT,Eclipse Foundation,2026,Eclipse Foundation,https://eclipse.dev/ditto/,C,full_text,include,I2,,2026-08-07,eclipse.dev/ditto,eclipse2026ditto,official documentation of the platform used by the artefact; WoT-integration version claims (optional in 2.4.0; stable and default since 3.0.0) re-verified 2026-08-08 via eclipse.dev/ditto/basic-wot-integration.html
S007,,known-source,Yocto Project Documentation (Scarthgap; 5.0 LTS),Yocto Project,2024,Yocto Project,https://docs.yoctoproject.org/scarthgap/,D,full_text,include,I2,,2026-08-07,docs.yoctoproject.org and wiki.yoctoproject.org/wiki/Releases,yocto2024scarthgap,official documentation of the build system used by the artefact; LTS window April 2024 to April 2028
S008,,known-source,The Buildroot User Manual,Buildroot developers,2026,Buildroot project,https://buildroot.org/downloads/manual/manual.html,D,full_text,include,I2,,2026-08-08,buildroot.org (manual for Buildroot 2026.05; re-verified 2026-08-08),buildroot2026manual,official documentation of the main alternative build system; used for the Chapter 2 comparison
S009,,known-source,What is Azure Digital Twins?,Microsoft Corporation,2025,Microsoft Learn,https://learn.microsoft.com/en-us/azure/digital-twins/overview,C,full_text,include,I2,,2026-08-08,learn.microsoft.com (page dated 2025-01-27; re-verified 2026-08-08),microsoft2026azuredt,GREY LITERATURE (E3 exception; marked); vendor documentation used only as engineering context for the platform comparison in Chapter 2
S010,,known-source,The Emergence of Edge Computing,Satyanarayanan,2017,Computer,10.1109/MC.2017.9,A,title_abstract,include,I1,,2026-08-08,Crossref API (re-verified 2026-08-08),satyanarayanan2017emergence,seed; canonical edge-computing reference; provisional inclusion for advisor draft
S011,,known-source,Digital Twin: Mitigating Unpredictable; Undesirable Emergent Behavior in Complex Systems,Grieves,2017,Transdisciplinary Perspectives on Complex Systems (Springer),10.1007/978-3-319-38756-7_4,B,title_abstract,include,I1,,2026-08-08,Crossref API (re-verified 2026-08-08),grieves2017digital,seed; origin of the digital-twin concept; online 2016; print edition 2017
S012,,known-source,Edge Computing: Vision and Challenges,Shi,2016,IEEE Internet of Things Journal,10.1109/JIOT.2016.2579198,A,title_abstract,include,I1,,2026-08-07,Crossref API,shi2016edge,seed; canonical edge-computing survey; provisional inclusion for advisor draft
S013,,known-source,Digital Twin: Enabling Technologies; Challenges and Open Research,Fuller,2020,IEEE Access,10.1109/ACCESS.2020.2998358,B,title_abstract,include,I1,,2026-08-07,Crossref API,fuller2020digital,seed survey identified in project context; provisional inclusion for advisor draft
S014,,compass-lead,Digital Twin in the IoT Context: A Survey on Technical Features; Scenarios; and Architectural Models,Minerva,2020,Proceedings of the IEEE,10.1109/JPROC.2020.2998530,B,title_abstract,include,I1,,2026-08-07,Crossref API,minerva2020digital,compass lead [34]; metadata verified against Crossref before citation
S015,,compass-lead,A Flexible and Modular Architecture for Edge Digital Twin: Implementation and Evaluation,Picone,2023,ACM Transactions on Internet of Things,10.1145/3573206,B;C,title_abstract,include,I1,,2026-08-07,Crossref API,picone2023flexible,compass lead [5]; closest methodological precedent for edge-twin evaluation; abstract re-checked via Crossref 2026-08-08
S016,,compass-lead,A Survey on Edge Performance Benchmarking,Varghese,2021,ACM Computing Surveys,10.1145/3444692,I,title_abstract,include,I1,,2026-08-07,Crossref API,varghese2021survey,compass lead [26]; feeds the experimental-protocol design of Chapter 3
S017,,known-source,An updated performance comparison of virtual machines and Linux containers,Felter,2015,2015 IEEE ISPASS,10.1109/ISPASS.2015.7095802,E,title_abstract,include,I1,,2026-08-07,Crossref API,felter2015updated,seed; widely cited container-overhead baseline; provisional inclusion for advisor draft
S018,,compass-lead,Virtualization on Internet of Things Edge Devices With Container Technologies: A Performance Evaluation,Morabito,2017,IEEE Access,10.1109/ACCESS.2017.2704444,E,title_abstract,include,I1,,2026-08-07,Crossref API,morabito2017virtualization,compass lead [20]; plan section 6.2 flags this entry as frequently mis-cited; metadata matches the Crossref record exactly
S019,,compass-lead,A Comparison of MQTT Brokers for Distributed IoT Edge Computing,Koziolek,2020,Software Architecture (ECSA 2020); LNCS,10.1007/978-3-030-58923-3_23,F,title_abstract,include,I1,,2026-08-07,Crossref API bibliographic query,koziolek2020mqtt,compass lead [16]; only qualitative findings cited (no headline numbers reproduced; abstract not accessible for verification)
S020,,compass-lead,WLDT: A general purpose library to build IoT digital twins,Picone,2021,SoftwareX,10.1016/j.softx.2021.100661,C,title_abstract,include,I1,,2026-08-08,Crossref API,picone2021wldt,compass lead [6]; cited as the library-family alternative in the platform comparison of Chapter 2
S021,Q001,compass-lead,OpenTwins: An open-source framework for the development of next-gen compositional digital twins,Robles,2023,Computers in Industry,10.1016/j.compind.2023.104007,C,title_abstract,include,I1,,2026-08-08,Crossref API,robles2023opentwins,compass lead [10] pointed to arXiv preprint 2301.05560 (different title); journal version of record located via Q001 and used instead per protocol section 7 rule 4; component composition (Ditto core; Hono; Kafka; InfluxDB; Grafana; Kubernetes) confirmed via official OpenTwins documentation (Q002)
S022,,compass-lead,Digital Twins at the Edge: A High-Availability Framework for Resilient Data Processing in IoT Sensor Networks,Neagu,2026,Future Internet,10.3390/fi18030137,A;B,title_abstract,include,I1,,2026-08-08,Crossref API,neagu2026odt,compass lead [33] lacked the author list; authors (Neagu; Serban; Hangan; Sebestyen) and abstract taken from the Crossref record
S023,,compass-lead,Performance Evaluation of the Docker Technology on Different Raspberry Pi Models,Gamess,2023,Proceedings of IECC 2023 (ACM),10.1145/3616480.3616485,E,title_abstract,include,I1,,2026-08-08,Crossref API; abstract via Semantic Scholar API,gamess2023docker,compass lead [19] listed wrong pages (17-29); corrected to 27-37 from Crossref; RAM-limitation conclusion verified against the abstract via Semantic Scholar API 2026-08-08
S024,,known-source,A Survey of Wearable Devices and Challenges,Seneviratne,2017,IEEE Communications Surveys & Tutorials,10.1109/COMST.2017.2731979,H,title_abstract,include,I1,,2026-08-08,Crossref API,seneviratne2017wearables,known survey selected to cover review axis H (wearables); identified without a database query; institutional queries for this axis remain pending
S025,,compass-lead,PMData: a sports logging dataset,Thambawita,2020,Proceedings of the 11th ACM Multimedia Systems Conference (MMSys 20),10.1145/3339825.3394926,H,title_abstract,include,I1,,2026-08-08,Crossref API,thambawita2020pmdata,compass lead [28]; dataset characteristics (16 participants; five months; Fitbit Versa 2; heart rate; steps; sleep) confirmed via public dataset and abstract records (Q003)
