ts_utc,container,cpu_pct,mem_bytes,mem_pct,host
2026-09-20T23:23:28Z,egw-ditto-things-1,36.00,534515712,66.37,egw-qemu-integrated
2026-09-20T23:23:28Z,egw-mongodb-1,2.88,254734336,47.45,egw-qemu-integrated
2026-09-20T23:23:28Z,egw-ditto-gateway-1,40.10,553967616,68.79,egw-qemu-integrated
2026-09-20T23:23:28Z,egw-ditto-policies-1,31.83,532914176,66.18,egw-qemu-integrated
2026-09-20T23:23:28Z,egw-controller-1,0.92,55709696,20.75,egw-qemu-integrated
2026-09-20T23:23:28Z,egw-mosquitto-1,0.29,4349952,3.24,egw-qemu-integrated
2026-09-20T23:23:29Z,egw-ditto-things-1,14.44,534519808,66.37,egw-qemu-integrated
2026-09-20T23:23:29Z,egw-mongodb-1,2.52,254734336,47.45,egw-qemu-integrated
2026-09-20T23:23:29Z,egw-ditto-gateway-1,11.99,554229760,68.82,egw-qemu-integrated
2026-09-20T23:23:29Z,egw-ditto-policies-1,24.77,532938752,66.18,egw-qemu-integrated
2026-09-20T23:23:29Z,egw-controller-1,0.96,55709696,20.75,egw-qemu-integrated
2026-09-20T23:23:29Z,egw-mosquitto-1,0.11,4349952,3.24,egw-qemu-integrated
2026-09-20T23:23:30Z,egw-ditto-things-1,44.75,534523904,66.38,egw-qemu-integrated
2026-09-20T23:23:30Z,egw-mongodb-1,2.15,254734336,47.45,egw-qemu-integrated
2026-09-20T23:23:30Z,egw-ditto-gateway-1,29.02,554266624,68.83,egw-qemu-integrated
2026-09-20T23:23:30Z,egw-ditto-policies-1,70.77,533221376,66.21,egw-qemu-integrated
2026-09-20T23:23:30Z,egw-controller-1,0.93,55709696,20.75,egw-qemu-integrated
2026-09-20T23:23:30Z,egw-mosquitto-1,0.12,4349952,3.24,egw-qemu-integrated
2026-09-20T23:23:31Z,egw-ditto-things-1,30.27,534790144,66.41,egw-qemu-integrated
2026-09-20T23:23:31Z,egw-mongodb-1,2.88,254734336,47.45,egw-qemu-integrated
2026-09-20T23:23:31Z,egw-ditto-gateway-1,24.47,554012672,68.80,egw-qemu-integrated
2026-09-20T23:23:31Z,egw-ditto-policies-1,37.91,533024768,66.19,egw-qemu-integrated
2026-09-20T23:23:31Z,egw-controller-1,41.90,58527744,21.80,egw-qemu-integrated
2026-09-20T23:23:31Z,egw-mosquitto-1,0.14,4349952,3.24,egw-qemu-integrated
2026-09-20T23:23:32Z,egw-ditto-things-1,22.56,534544384,66.38,egw-qemu-integrated
2026-09-20T23:23:32Z,egw-mongodb-1,4.84,254734336,47.45,egw-qemu-integrated
2026-09-20T23:23:32Z,egw-ditto-gateway-1,14.33,554274816,68.83,egw-qemu-integrated
2026-09-20T23:23:32Z,egw-ditto-policies-1,11.54,533028864,66.19,egw-qemu-integrated
2026-09-20T23:23:32Z,egw-controller-1,98.02,66400256,24.74,egw-qemu-integrated
2026-09-20T23:23:32Z,egw-mosquitto-1,0.88,4349952,3.24,egw-qemu-integrated
2026-09-20T23:23:33Z,egw-ditto-things-1,10.47,534544384,66.38,egw-qemu-integrated
2026-09-20T23:23:33Z,egw-mongodb-1,2.15,254734336,47.45,egw-qemu-integrated
2026-09-20T23:23:33Z,egw-ditto-gateway-1,13.39,554033152,68.80,egw-qemu-integrated
2026-09-20T23:23:33Z,egw-ditto-policies-1,10.85,533028864,66.19,egw-qemu-integrated
2026-09-20T23:23:33Z,egw-controller-1,101.47,68497408,25.52,egw-qemu-integrated
2026-09-20T23:23:33Z,egw-mosquitto-1,0.88,4349952,3.24,egw-qemu-integrated
2026-09-20T23:23:34Z,egw-ditto-things-1,54.00,534556672,66.38,egw-qemu-integrated
2026-09-20T23:23:34Z,egw-mongodb-1,3.13,254734336,47.45,egw-qemu-integrated
2026-09-20T23:23:34Z,egw-ditto-gateway-1,22.68,554065920,68.80,egw-qemu-integrated
2026-09-20T23:23:34Z,egw-ditto-policies-1,26.66,533049344,66.19,egw-qemu-integrated
2026-09-20T23:23:34Z,egw-controller-1,56.49,55709696,20.75,egw-qemu-integrated
2026-09-20T23:23:34Z,egw-mosquitto-1,0.18,4349952,3.24,egw-qemu-integrated
2026-09-20T23:23:35Z,egw-ditto-things-1,20.98,534831104,66.41,egw-qemu-integrated
2026-09-20T23:23:35Z,egw-mongodb-1,3.13,254734336,47.45,egw-qemu-integrated
2026-09-20T23:23:35Z,egw-ditto-gateway-1,12.51,554057728,68.80,egw-qemu-integrated
2026-09-20T23:23:35Z,egw-ditto-policies-1,11.21,533061632,66.19,egw-qemu-integrated
2026-09-20T23:23:35Z,egw-controller-1,0.92,55709696,20.75,egw-qemu-integrated
2026-09-20T23:23:35Z,egw-mosquitto-1,0.10,4349952,3.24,egw-qemu-integrated
2026-09-20T23:23:36Z,egw-ditto-things-1,17.51,534839296,66.41,egw-qemu-integrated
2026-09-20T23:23:36Z,egw-mongodb-1,2.98,254734336,47.45,egw-qemu-integrated
2026-09-20T23:23:36Z,egw-ditto-gateway-1,32.59,554074112,68.80,egw-qemu-integrated
2026-09-20T23:23:36Z,egw-ditto-policies-1,12.69,533057536,66.19,egw-qemu-integrated
2026-09-20T23:23:36Z,egw-controller-1,0.95,55709696,20.75,egw-qemu-integrated
2026-09-20T23:23:36Z,egw-mosquitto-1,0.10,4349952,3.24,egw-qemu-integrated
2026-09-20T23:23:37Z,egw-ditto-things-1,24.01,534585344,66.38,egw-qemu-integrated
2026-09-20T23:23:37Z,egw-mongodb-1,2.81,254734336,47.45,egw-qemu-integrated
2026-09-20T23:23:37Z,egw-ditto-gateway-1,20.78,554082304,68.80,egw-qemu-integrated
2026-09-20T23:23:37Z,egw-ditto-policies-1,13.75,533069824,66.19,egw-qemu-integrated
2026-09-20T23:23:37Z,egw-controller-1,0.93,55709696,20.75,egw-qemu-integrated
2026-09-20T23:23:37Z,egw-mosquitto-1,0.13,4349952,3.24,egw-qemu-integrated
2026-09-20T23:23:38Z,egw-ditto-things-1,15.58,534589440,66.38,egw-qemu-integrated
2026-09-20T23:23:38Z,egw-mongodb-1,2.82,254734336,47.45,egw-qemu-integrated
2026-09-20T23:23:38Z,egw-ditto-gateway-1,13.66,554098688,68.81,egw-qemu-integrated
2026-09-20T23:23:38Z,egw-ditto-policies-1,9.34,533069824,66.19,egw-qemu-integrated
2026-09-20T23:23:38Z,egw-controller-1,0.88,55709696,20.75,egw-qemu-integrated
2026-09-20T23:23:38Z,egw-mosquitto-1,0.15,4349952,3.24,egw-qemu-integrated
2026-09-20T23:23:39Z,egw-ditto-things-1,41.29,534589440,66.38,egw-qemu-integrated
2026-09-20T23:23:39Z,egw-mongodb-1,2.49,254734336,47.45,egw-qemu-integrated
2026-09-20T23:23:39Z,egw-ditto-gateway-1,21.79,554106880,68.81,egw-qemu-integrated
2026-09-20T23:23:39Z,egw-ditto-policies-1,14.53,533078016,66.20,egw-qemu-integrated
2026-09-20T23:23:39Z,egw-controller-1,1.04,55709696,20.75,egw-qemu-integrated
2026-09-20T23:23:39Z,egw-mosquitto-1,10.94,5476352,4.08,egw-qemu-integrated
2026-09-20T23:23:40Z,egw-ditto-things-1,68.29,534626304,66.39,egw-qemu-integrated
2026-09-20T23:23:40Z,egw-mongodb-1,2.99,254734336,47.45,egw-qemu-integrated
2026-09-20T23:23:40Z,egw-ditto-gateway-1,38.17,554397696,68.84,egw-qemu-integrated
2026-09-20T23:23:40Z,egw-ditto-policies-1,28.73,533106688,66.20,egw-qemu-integrated
2026-09-20T23:23:40Z,egw-controller-1,1.02,55709696,20.75,egw-qemu-integrated
2026-09-20T23:23:40Z,egw-mosquitto-1,50.84,4337664,3.23,egw-qemu-integrated
2026-09-20T23:23:41Z,egw-ditto-things-1,12.15,534626304,66.39,egw-qemu-integrated
2026-09-20T23:23:41Z,egw-mongodb-1,2.19,254734336,47.45,egw-qemu-integrated
2026-09-20T23:23:41Z,egw-ditto-gateway-1,13.19,554143744,68.81,egw-qemu-integrated
2026-09-20T23:23:41Z,egw-ditto-policies-1,10.50,533110784,66.20,egw-qemu-integrated
2026-09-20T23:23:41Z,egw-controller-1,0.85,55709696,20.75,egw-qemu-integrated
2026-09-20T23:23:41Z,egw-mosquitto-1,0.12,4337664,3.23,egw-qemu-integrated
2026-09-20T23:23:42Z,egw-ditto-things-1,68.01,534654976,66.39,egw-qemu-integrated
2026-09-20T23:23:42Z,egw-mongodb-1,23.68,254734336,47.45,egw-qemu-integrated
2026-09-20T23:23:42Z,egw-ditto-gateway-1,90.27,554147840,68.81,egw-qemu-integrated
2026-09-20T23:23:42Z,egw-ditto-policies-1,40.22,533110784,66.20,egw-qemu-integrated
2026-09-20T23:23:42Z,egw-controller-1,3.42,55709696,20.75,egw-qemu-integrated
2026-09-20T23:23:42Z,egw-mosquitto-1,0.38,4337664,3.23,egw-qemu-integrated
2026-09-20T23:23:43Z,egw-ditto-things-1,40.82,534654976,66.39,egw-qemu-integrated
2026-09-20T23:23:43Z,egw-mongodb-1,2.26,254734336,47.45,egw-qemu-integrated
2026-09-20T23:23:43Z,egw-ditto-gateway-1,41.37,554156032,68.81,egw-qemu-integrated
2026-09-20T23:23:43Z,egw-ditto-policies-1,19.00,533106688,66.20,egw-qemu-integrated
2026-09-20T23:23:43Z,egw-controller-1,0.90,55709696,20.75,egw-qemu-integrated
2026-09-20T23:23:43Z,egw-mosquitto-1,0.57,4337664,3.23,egw-qemu-integrated
2026-09-20T23:23:44Z,egw-ditto-things-1,26.10,534663168,66.39,egw-qemu-integrated
2026-09-20T23:23:44Z,egw-mongodb-1,3.72,254734336,47.45,egw-qemu-integrated
2026-09-20T23:23:44Z,egw-ditto-gateway-1,16.86,554160128,68.81,egw-qemu-integrated
2026-09-20T23:23:44Z,egw-ditto-policies-1,107.31,533127168,66.20,egw-qemu-integrated
2026-09-20T23:23:44Z,egw-controller-1,1.16,55709696,20.75,egw-qemu-integrated
2026-09-20T23:23:44Z,egw-mosquitto-1,0.14,4337664,3.23,egw-qemu-integrated
2026-09-20T23:23:45Z,egw-ditto-things-1,18.56,534638592,66.39,egw-qemu-integrated
2026-09-20T23:23:45Z,egw-mongodb-1,9.45,255000576,47.50,egw-qemu-integrated
2026-09-20T23:23:45Z,egw-ditto-gateway-1,22.25,554172416,68.82,egw-qemu-integrated
2026-09-20T23:23:45Z,egw-ditto-policies-1,22.18,533135360,66.20,egw-qemu-integrated
2026-09-20T23:23:45Z,egw-controller-1,1.01,55709696,20.75,egw-qemu-integrated
2026-09-20T23:23:45Z,egw-mosquitto-1,0.14,4337664,3.23,egw-qemu-integrated
2026-09-20T23:23:46Z,egw-ditto-things-1,16.75,534605824,66.39,egw-qemu-integrated
2026-09-20T23:23:46Z,egw-mongodb-1,3.01,254742528,47.45,egw-qemu-integrated
2026-09-20T23:23:46Z,egw-ditto-gateway-1,22.20,554201088,68.82,egw-qemu-integrated
2026-09-20T23:23:46Z,egw-ditto-policies-1,25.88,533172224,66.21,egw-qemu-integrated
2026-09-20T23:23:46Z,egw-controller-1,0.88,55709696,20.75,egw-qemu-integrated
2026-09-20T23:23:46Z,egw-mosquitto-1,0.13,4337664,3.23,egw-qemu-integrated
2026-09-20T23:23:47Z,egw-ditto-things-1,27.09,534609920,66.39,egw-qemu-integrated
2026-09-20T23:23:47Z,egw-mongodb-1,2.60,254742528,47.45,egw-qemu-integrated
2026-09-20T23:23:47Z,egw-ditto-gateway-1,14.66,554201088,68.82,egw-qemu-integrated
2026-09-20T23:23:47Z,egw-ditto-policies-1,11.20,533172224,66.21,egw-qemu-integrated
2026-09-20T23:23:47Z,egw-controller-1,0.82,55709696,20.75,egw-qemu-integrated
2026-09-20T23:23:47Z,egw-mosquitto-1,0.13,4337664,3.23,egw-qemu-integrated
2026-09-20T23:23:48Z,egw-ditto-things-1,105.45,534597632,66.38,egw-qemu-integrated
2026-09-20T23:23:48Z,egw-mongodb-1,2.93,254742528,47.45,egw-qemu-integrated
2026-09-20T23:23:48Z,egw-ditto-gateway-1,27.14,554184704,68.82,egw-qemu-integrated
2026-09-20T23:23:48Z,egw-ditto-policies-1,11.39,533176320,66.21,egw-qemu-integrated
2026-09-20T23:23:48Z,egw-controller-1,1.27,55709696,20.75,egw-qemu-integrated
2026-09-20T23:23:48Z,egw-mosquitto-1,0.19,4337664,3.23,egw-qemu-integrated
2026-09-20T23:23:49Z,egw-ditto-things-1,29.29,534876160,66.42,egw-qemu-integrated
2026-09-20T23:23:49Z,egw-mongodb-1,2.76,254742528,47.45,egw-qemu-integrated
2026-09-20T23:23:49Z,egw-ditto-gateway-1,136.91,554287104,68.83,egw-qemu-integrated
2026-09-20T23:23:49Z,egw-ditto-policies-1,15.98,533180416,66.21,egw-qemu-integrated
2026-09-20T23:23:49Z,egw-controller-1,1.13,55709696,20.75,egw-qemu-integrated
2026-09-20T23:23:49Z,egw-mosquitto-1,0.24,4337664,3.23,egw-qemu-integrated
2026-09-20T23:23:50Z,egw-ditto-things-1,40.18,534622208,66.39,egw-qemu-integrated
2026-09-20T23:23:50Z,egw-mongodb-1,2.32,254742528,47.45,egw-qemu-integrated
2026-09-20T23:23:50Z,egw-ditto-gateway-1,32.43,554307584,68.83,egw-qemu-integrated
2026-09-20T23:23:50Z,egw-ditto-policies-1,33.13,533225472,66.21,egw-qemu-integrated
2026-09-20T23:23:50Z,egw-controller-1,1.17,55709696,20.75,egw-qemu-integrated
2026-09-20T23:23:50Z,egw-mosquitto-1,0.14,4337664,3.23,egw-qemu-integrated
2026-09-20T23:23:51Z,egw-ditto-things-1,13.92,534630400,66.39,egw-qemu-integrated
2026-09-20T23:23:51Z,egw-mongodb-1,2.20,254742528,47.45,egw-qemu-integrated
2026-09-20T23:23:51Z,egw-ditto-gateway-1,21.46,554311680,68.83,egw-qemu-integrated
2026-09-20T23:23:51Z,egw-ditto-policies-1,31.20,533233664,66.22,egw-qemu-integrated
2026-09-20T23:23:51Z,egw-controller-1,0.95,55709696,20.75,egw-qemu-integrated
2026-09-20T23:23:51Z,egw-mosquitto-1,0.11,4337664,3.23,egw-qemu-integrated
2026-09-20T23:23:52Z,egw-ditto-things-1,30.93,534650880,66.39,egw-qemu-integrated
2026-09-20T23:23:52Z,egw-mongodb-1,5.09,254738432,47.45,egw-qemu-integrated
2026-09-20T23:23:52Z,egw-ditto-gateway-1,42.17,554405888,68.84,egw-qemu-integrated
2026-09-20T23:23:52Z,egw-ditto-policies-1,20.54,533254144,66.22,egw-qemu-integrated
2026-09-20T23:23:52Z,egw-controller-1,1.02,55709696,20.75,egw-qemu-integrated
2026-09-20T23:23:52Z,egw-mosquitto-1,0.13,4337664,3.23,egw-qemu-integrated
2026-09-20T23:23:53Z,egw-ditto-things-1,14.93,534642688,66.39,egw-qemu-integrated
2026-09-20T23:23:53Z,egw-mongodb-1,1.85,255000576,47.50,egw-qemu-integrated
2026-09-20T23:23:53Z,egw-ditto-gateway-1,11.82,554409984,68.84,egw-qemu-integrated
2026-09-20T23:23:53Z,egw-ditto-policies-1,9.39,533254144,66.22,egw-qemu-integrated
2026-09-20T23:23:53Z,egw-controller-1,0.82,55709696,20.75,egw-qemu-integrated
2026-09-20T23:23:53Z,egw-mosquitto-1,0.13,4337664,3.23,egw-qemu-integrated
2026-09-20T23:23:54Z,egw-ditto-things-1,12.50,534638592,66.39,egw-qemu-integrated
2026-09-20T23:23:54Z,egw-mongodb-1,2.86,254738432,47.45,egw-qemu-integrated
2026-09-20T23:23:54Z,egw-ditto-gateway-1,18.11,554676224,68.88,egw-qemu-integrated
2026-09-20T23:23:54Z,egw-ditto-policies-1,14.09,533286912,66.22,egw-qemu-integrated
2026-09-20T23:23:54Z,egw-controller-1,0.89,55709696,20.75,egw-qemu-integrated
2026-09-20T23:23:54Z,egw-mosquitto-1,0.28,4337664,3.23,egw-qemu-integrated
2026-09-20T23:23:55Z,egw-ditto-things-1,21.93,534650880,66.39,egw-qemu-integrated
2026-09-20T23:23:55Z,egw-mongodb-1,3.05,254742528,47.45,egw-qemu-integrated
2026-09-20T23:23:55Z,egw-ditto-gateway-1,22.96,554430464,68.85,egw-qemu-integrated
2026-09-20T23:23:55Z,egw-ditto-policies-1,15.47,533299200,66.22,egw-qemu-integrated
2026-09-20T23:23:55Z,egw-controller-1,0.95,55709696,20.75,egw-qemu-integrated
2026-09-20T23:23:55Z,egw-mosquitto-1,0.18,4337664,3.23,egw-qemu-integrated
2026-09-20T23:23:56Z,egw-ditto-things-1,12.34,534646784,66.39,egw-qemu-integrated
2026-09-20T23:23:56Z,egw-mongodb-1,2.86,254738432,47.45,egw-qemu-integrated
2026-09-20T23:23:56Z,egw-ditto-gateway-1,12.02,554434560,68.85,egw-qemu-integrated
2026-09-20T23:23:56Z,egw-ditto-policies-1,15.78,533319680,66.23,egw-qemu-integrated
2026-09-20T23:23:56Z,egw-controller-1,0.86,55709696,20.75,egw-qemu-integrated
2026-09-20T23:23:56Z,egw-mosquitto-1,0.14,4337664,3.23,egw-qemu-integrated
2026-09-20T23:23:57Z,egw-ditto-things-1,15.04,534646784,66.39,egw-qemu-integrated
2026-09-20T23:23:57Z,egw-mongodb-1,2.79,254738432,47.45,egw-qemu-integrated
2026-09-20T23:23:57Z,egw-ditto-gateway-1,13.91,554434560,68.85,egw-qemu-integrated
2026-09-20T23:23:57Z,egw-ditto-policies-1,21.40,533319680,66.23,egw-qemu-integrated
2026-09-20T23:23:57Z,egw-controller-1,0.86,55709696,20.75,egw-qemu-integrated
2026-09-20T23:23:57Z,egw-mosquitto-1,0.16,4337664,3.23,egw-qemu-integrated
2026-09-20T23:23:58Z,egw-ditto-things-1,23.00,534683648,66.40,egw-qemu-integrated
2026-09-20T23:23:58Z,egw-mongodb-1,102.86,350789632,65.34,egw-qemu-integrated
2026-09-20T23:23:58Z,egw-ditto-gateway-1,29.30,554483712,68.85,egw-qemu-integrated
2026-09-20T23:23:58Z,egw-ditto-policies-1,42.71,533614592,66.26,egw-qemu-integrated
2026-09-20T23:23:58Z,egw-controller-1,1.19,55709696,20.75,egw-qemu-integrated
2026-09-20T23:23:58Z,egw-mosquitto-1,0.14,4337664,3.23,egw-qemu-integrated
2026-09-20T23:23:59Z,egw-ditto-things-1,13.09,534683648,66.40,egw-qemu-integrated
2026-09-20T23:23:59Z,egw-mongodb-1,117.55,404611072,75.36,egw-qemu-integrated
2026-09-20T23:23:59Z,egw-ditto-gateway-1,28.47,554491904,68.85,egw-qemu-integrated
2026-09-20T23:23:59Z,egw-ditto-policies-1,9.51,533360640,66.23,egw-qemu-integrated
2026-09-20T23:23:59Z,egw-controller-1,1.02,55709696,20.75,egw-qemu-integrated
2026-09-20T23:23:59Z,egw-mosquitto-1,0.17,4337664,3.23,egw-qemu-integrated
2026-09-20T23:24:00Z,egw-ditto-things-1,31.11,534700032,66.40,egw-qemu-integrated
2026-09-20T23:24:00Z,egw-mongodb-1,130.45,407773184,75.95,egw-qemu-integrated
2026-09-20T23:24:00Z,egw-ditto-gateway-1,25.16,554512384,68.86,egw-qemu-integrated
2026-09-20T23:24:00Z,egw-ditto-policies-1,29.52,533389312,66.23,egw-qemu-integrated
2026-09-20T23:24:00Z,egw-controller-1,1.34,55709696,20.75,egw-qemu-integrated
2026-09-20T23:24:00Z,egw-mosquitto-1,0.19,4337664,3.23,egw-qemu-integrated
2026-09-20T23:24:01Z,egw-ditto-things-1,67.65,534798336,66.41,egw-qemu-integrated
2026-09-20T23:24:01Z,egw-mongodb-1,128.06,414404608,77.19,egw-qemu-integrated
2026-09-20T23:24:01Z,egw-ditto-gateway-1,30.86,554528768,68.86,egw-qemu-integrated
2026-09-20T23:24:01Z,egw-ditto-policies-1,25.75,533454848,66.24,egw-qemu-integrated
2026-09-20T23:24:01Z,egw-controller-1,1.10,55709696,20.75,egw-qemu-integrated
2026-09-20T23:24:01Z,egw-mosquitto-1,0.27,4337664,3.23,egw-qemu-integrated
2026-09-20T23:24:02Z,egw-ditto-things-1,26.86,534843392,66.41,egw-qemu-integrated
2026-09-20T23:24:02Z,egw-mongodb-1,140.40,254767104,47.45,egw-qemu-integrated
2026-09-20T23:24:02Z,egw-ditto-gateway-1,32.66,554860544,68.90,egw-qemu-integrated
2026-09-20T23:24:02Z,egw-ditto-policies-1,26.49,533499904,66.25,egw-qemu-integrated
2026-09-20T23:24:02Z,egw-controller-1,0.98,55709696,20.75,egw-qemu-integrated
2026-09-20T23:24:02Z,egw-mosquitto-1,0.99,4337664,3.23,egw-qemu-integrated
2026-09-20T23:24:03Z,egw-ditto-things-1,23.31,534863872,66.42,egw-qemu-integrated
2026-09-20T23:24:03Z,egw-mongodb-1,1.88,254767104,47.45,egw-qemu-integrated
2026-09-20T23:24:03Z,egw-ditto-gateway-1,27.28,554909696,68.91,egw-qemu-integrated
2026-09-20T23:24:03Z,egw-ditto-policies-1,12.32,533508096,66.25,egw-qemu-integrated
2026-09-20T23:24:03Z,egw-controller-1,0.95,55709696,20.75,egw-qemu-integrated
2026-09-20T23:24:03Z,egw-mosquitto-1,0.12,4337664,3.23,egw-qemu-integrated
2026-09-20T23:24:04Z,egw-ditto-things-1,34.03,534990848,66.43,egw-qemu-integrated
2026-09-20T23:24:04Z,egw-mongodb-1,3.17,254767104,47.45,egw-qemu-integrated
2026-09-20T23:24:04Z,egw-ditto-gateway-1,29.75,554733568,68.88,egw-qemu-integrated
2026-09-20T23:24:04Z,egw-ditto-policies-1,24.28,533565440,66.26,egw-qemu-integrated
2026-09-20T23:24:04Z,egw-controller-1,11.27,57249792,21.33,egw-qemu-integrated
2026-09-20T23:24:04Z,egw-mosquitto-1,0.20,4337664,3.23,egw-qemu-integrated
2026-09-20T23:24:05Z,egw-ditto-things-1,20.83,535015424,66.44,egw-qemu-integrated
2026-09-20T23:24:05Z,egw-mongodb-1,18.55,255680512,47.62,egw-qemu-integrated
2026-09-20T23:24:05Z,egw-ditto-gateway-1,20.62,554782720,68.89,egw-qemu-integrated
2026-09-20T23:24:05Z,egw-ditto-policies-1,13.42,533577728,66.26,egw-qemu-integrated
2026-09-20T23:24:05Z,egw-controller-1,98.24,65601536,24.44,egw-qemu-integrated
2026-09-20T23:24:05Z,egw-mosquitto-1,0.17,4337664,3.23,egw-qemu-integrated
2026-09-20T23:24:06Z,egw-ditto-things-1,14.82,535056384,66.44,egw-qemu-integrated
2026-09-20T23:24:06Z,egw-mongodb-1,6.65,255488000,47.59,egw-qemu-integrated
2026-09-20T23:24:06Z,egw-ditto-gateway-1,12.60,554786816,68.89,egw-qemu-integrated
2026-09-20T23:24:06Z,egw-ditto-policies-1,15.29,533610496,66.26,egw-qemu-integrated
2026-09-20T23:24:06Z,egw-controller-1,100.35,67702784,25.22,egw-qemu-integrated
2026-09-20T23:24:06Z,egw-mosquitto-1,0.14,4337664,3.23,egw-qemu-integrated
2026-09-20T23:24:07Z,egw-ditto-things-1,19.37,535085056,66.44,egw-qemu-integrated
2026-09-20T23:24:07Z,egw-mongodb-1,2.26,255488000,47.59,egw-qemu-integrated
2026-09-20T23:24:07Z,egw-ditto-gateway-1,22.61,554799104,68.89,egw-qemu-integrated
2026-09-20T23:24:07Z,egw-ditto-policies-1,15.84,533610496,66.26,egw-qemu-integrated
2026-09-20T23:24:07Z,egw-controller-1,89.96,55709696,20.75,egw-qemu-integrated
2026-09-20T23:24:07Z,egw-mosquitto-1,0.11,4337664,3.23,egw-qemu-integrated
2026-09-20T23:24:08Z,egw-ditto-things-1,15.77,535101440,66.45,egw-qemu-integrated
2026-09-20T23:24:08Z,egw-mongodb-1,2.42,255488000,47.59,egw-qemu-integrated
2026-09-20T23:24:08Z,egw-ditto-gateway-1,13.96,554815488,68.89,egw-qemu-integrated
2026-09-20T23:24:08Z,egw-ditto-policies-1,8.86,533614592,66.26,egw-qemu-integrated
2026-09-20T23:24:08Z,egw-controller-1,0.84,55709696,20.75,egw-qemu-integrated
2026-09-20T23:24:08Z,egw-mosquitto-1,0.12,4337664,3.23,egw-qemu-integrated
2026-09-20T23:24:09Z,egw-ditto-things-1,25.81,535117824,66.45,egw-qemu-integrated
2026-09-20T23:24:09Z,egw-mongodb-1,2.27,255488000,47.59,egw-qemu-integrated
2026-09-20T23:24:09Z,egw-ditto-gateway-1,11.80,554815488,68.89,egw-qemu-integrated
2026-09-20T23:24:09Z,egw-ditto-policies-1,10.10,533622784,66.26,egw-qemu-integrated
2026-09-20T23:24:09Z,egw-controller-1,0.84,55709696,20.75,egw-qemu-integrated
2026-09-20T23:24:09Z,egw-mosquitto-1,0.11,4337664,3.23,egw-qemu-integrated
2026-09-20T23:24:10Z,egw-ditto-things-1,64.40,535158784,66.45,egw-qemu-integrated
2026-09-20T23:24:10Z,egw-mongodb-1,1.90,255488000,47.59,egw-qemu-integrated
2026-09-20T23:24:10Z,egw-ditto-gateway-1,31.50,554852352,68.90,egw-qemu-integrated
2026-09-20T23:24:10Z,egw-ditto-policies-1,65.44,533639168,66.27,egw-qemu-integrated
2026-09-20T23:24:10Z,egw-controller-1,0.98,55709696,20.75,egw-qemu-integrated
2026-09-20T23:24:10Z,egw-mosquitto-1,9.06,5853184,4.36,egw-qemu-integrated
2026-09-20T23:24:11Z,egw-ditto-things-1,14.10,535162880,66.45,egw-qemu-integrated
2026-09-20T23:24:11Z,egw-mongodb-1,2.50,255488000,47.59,egw-qemu-integrated
2026-09-20T23:24:11Z,egw-ditto-gateway-1,14.30,554852352,68.90,egw-qemu-integrated
2026-09-20T23:24:11Z,egw-ditto-policies-1,105.76,533643264,66.27,egw-qemu-integrated
2026-09-20T23:24:11Z,egw-controller-1,1.09,55709696,20.75,egw-qemu-integrated
2026-09-20T23:24:11Z,egw-mosquitto-1,56.20,4366336,3.25,egw-qemu-integrated
2026-09-20T23:24:12Z,egw-ditto-things-1,13.82,535171072,66.46,egw-qemu-integrated
2026-09-20T23:24:12Z,egw-mongodb-1,4.85,255488000,47.59,egw-qemu-integrated
2026-09-20T23:24:12Z,egw-ditto-gateway-1,11.84,554868736,68.90,egw-qemu-integrated
2026-09-20T23:24:12Z,egw-ditto-policies-1,8.40,533659648,66.27,egw-qemu-integrated
2026-09-20T23:24:12Z,egw-controller-1,0.88,55709696,20.75,egw-qemu-integrated
2026-09-20T23:24:12Z,egw-mosquitto-1,0.12,4349952,3.24,egw-qemu-integrated
